USP.x,Sumarija,GJ,Odsjek,KO.x,KC,Povrsina,stranica,odluka,napomena,KC_odluka,KC_2,ko_mb,ku_naziv,ZUP_NAZIV,ZUP_SJEDIS,Sumarija.y,USP.y,KOKC,.id,OBJECTID,KO.y,BROJ_KC,SHAPE_Leng,SHAPE_Area
Split,Benkovac,NA,NA,Vukšić,2260/9,15,1,6,NA,2260/9,2260/9,300730,Benkovac,Zadarska županija,Zadar,Šumarija Benkovac,Split,300730_2260/9,KC_ZADZ.csv,5256308,300730,2260/9,2268.6769120085455,273234.8008873985
Split,Benkovac,NA,NA,Vukšić,2260/9,15,1,6,NA,2260/9,2260/9,300730,Benkovac,Zadarska županija,Zadar,Šumarija Benkovac,Split,300730_2260/9,KC_SKZ.csv,5256308,300730,2260/9,2268.6769120085455,273234.8008873985
Split,Benkovac,NA,NA,Vukšić,d.2260/1,24,1,6,NA,d.2260/1,2260/1,300730,Benkovac,Zadarska županija,Zadar,Šumarija Benkovac,Split,300730_2260/1,KC_ZADZ.csv,12512246,300730,2260/1,4805.881333299231,795971.7308985433
Split,Benkovac,NA,NA,Vukšić,d.2260/1,24,1,6,NA,d.2260/1,2260/1,300730,Benkovac,Zadarska županija,Zadar,Šumarija Benkovac,Split,300730_2260/1,KC_SKZ.csv,12512246,300730,2260/1,4805.881333299231,795971.7308985433
Split,Benkovac,NA,NA,Polača,555/37,4.4,1,6,NA,555/37,555/37,300624,Benkovac,Zadarska županija,Zadar,Šumarija Benkovac,Split,300624_555/37,KC_ZADZ.csv,10625951,300624,555/37,10862.505308946827,648289.336861557
Split,Benkovac,NA,NA,Polača,680/2,0.7,1,6,NA,680/2,680/2,300624,Benkovac,Zadarska županija,Zadar,Šumarija Benkovac,Split,300624_680/2,KC_ZADZ.csv,10627081,300624,680/2,2991.189893503259,196492.46643328457
Split,Benkovac,NA,NA,Polača,417/6,6,1,6,NA,417/6,417/6,300624,Benkovac,Zadarska županija,Zadar,Šumarija Benkovac,Split,300624_417/6,KC_ZADZ.csv,10626009,300624,417/6,3566.879361433157,388792.6553958655
Split,Benkovac,NA,NA,Tinj,d.444/7,29,1,6,NA,"d.444/7, d.470/1, d.476",444/7,300713,Benkovac,Zadarska županija,Zadar,Šumarija Benkovac,Split,300713_444/7,KC_ZADZ.csv,10707461,300712.99999999994,444/7,6210.571197171373,166366.97078372273
Split,Benkovac,NA,NA,Tinj,d.470/1,29,1,6,NA,"d.444/7, d.470/1, d.476",470/1,300713,Benkovac,Zadarska županija,Zadar,Šumarija Benkovac,Split,300713_470/1,KC_ZADZ.csv,10718593,300712.99999999994,470/1,3785.094411435907,247845.4551871717
Split,Benkovac,NA,NA,Tinj,d.476,29,1,6,NA,"d.444/7, d.470/1, d.476",476,300713,Benkovac,Zadarska županija,Zadar,Šumarija Benkovac,Split,300713_476,KC_ZADZ.csv,10715059,300712.99999999994,476,2335.6675343303295,255824.73047287922
Split,Benkovac,NA,NA,Pristeg,d.361/1,40,1,6,NA,d.361/1,361/1,300659,Benkovac,Zadarska županija,Zadar,Šumarija Benkovac,Split,300659_361/1,KC_ZADZ.csv,11607280,300659.00000000006,361/1,17066.16783987121,6010263.108515861
Split,Benkovac,NA,NA,Ceranje,d.1536/1,10,1,6,NA,d.1536/1,1536/1,300420,Benkovac,Zadarska županija,Zadar,Šumarija Benkovac,Split,300420_1536/1,KC_ZADZ.csv,10689580,300420,1536/1,6810.578990596612,1200864.1601654387
Split,Benkovac,NA,NA,Pristeg,d.1419,9,1,6,NA,d.1419,1419,300659,Benkovac,Zadarska županija,Zadar,Šumarija Benkovac,Split,300659_1419,NA,NA,NA,NA,NA,NA
Split,Benkovac,NA,NA,Kolarina,d.478/8,20,1,6,NA,d.478/8,478/8,300527,Benkovac,Zadarska županija,Zadar,Šumarija Benkovac,Split,300527_478/8,KC_ZADZ.csv,3621320,300527.00000000006,478/8,9631.203296055075,2280206.522057422
Split,Benkovac,NA,NA,Lepuri,d.1763,1,1,6,NA,d.1763,1763,300551,Benkovac,Zadarska županija,Zadar,Šumarija Benkovac,Split,300551_1763,KC_ZADZ.csv,12510033,300551.00000000006,1763,2647.4389749442607,292606.0664193185
Split,Benkovac,NA,NA,Lepuri,d.1914/4,26.19,1,6,NA,d.1914/4,1914/4,300551,Benkovac,Zadarska županija,Zadar,Šumarija Benkovac,Split,300551_1914/4,KC_ZADZ.csv,12512421,300551.00000000006,1914/4,5738.62253980013,1035098.7944673136
Split,Benkovac,NA,NA,Lepuri,d.2021,0.52,1,6,NA,d.2021,2021,300551,Benkovac,Zadarska županija,Zadar,Šumarija Benkovac,Split,300551_2021,KC_ZADZ.csv,12510027,300551.00000000006,2021,764.28928151136,38148.84012784486
Split,Benkovac,NA,NA,Lepuri,d.2150/2,18.5,1,6,NA,d.2150/2,2150/2,300551,Benkovac,Zadarska županija,Zadar,Šumarija Benkovac,Split,300551_2150/2,KC_ZADZ.csv,12506398,300551.00000000006,2150/2,5440.052282338423,720678.9771221075
Split,Benkovac,NA,NA,Lepuri,d.2077,2.6,1,6,NA,d.2077,2077,300551,Benkovac,Zadarska županija,Zadar,Šumarija Benkovac,Split,300551_2077,KC_ZADZ.csv,12505197,300551.00000000006,2077,2026.6832480419178,227122.31670578115
Split,Benkovac,NA,NA,Lepuri,d.2078,4.4,1,6,NA,d.2078,2078,300551,Benkovac,Zadarska županija,Zadar,Šumarija Benkovac,Split,300551_2078,KC_ZADZ.csv,12514907,300551.00000000006,2078,2199.6877138137424,202156.9890337227
Split,Benkovac,NA,NA,Lepuri,d.2150/1,124,1,6,NA,d.2150/1,2150/1,300551,Benkovac,Zadarska županija,Zadar,Šumarija Benkovac,Split,300551_2150/1,KC_ZADZ.csv,12516141,300551.00000000006,2150/1,6043.138626312557,1852054.24393596
Split,Benkovac,NA,NA,Lepuri,d.2097,31.46,1,6,NA,d.2097,2097,300551,Benkovac,Zadarska županija,Zadar,Šumarija Benkovac,Split,300551_2097,KC_ZADZ.csv,12516138,300551.00000000006,2097,4269.3598268843025,699172.900608379
Split,Benkovac,NA,NA,Lišane Ostrovica,d.74,7.16,1,6,NA,d.74,74,300578,Benkovac,Zadarska županija,Zadar,Šumarija Benkovac,Split,300578_74,KC_ZADZ.csv,12551593,300578,74,3821.487113944225,868165.6719803109
Split,Benkovac,NA,NA,Lišane Ostrovica,75,7.54,1,6,NA,75,75,300578,Benkovac,Zadarska županija,Zadar,Šumarija Benkovac,Split,300578_75,KC_ZADZ.csv,12554986,300578,75,1367.848493905844,75508.15127708056
Split,Benkovac,NA,NA,Lišane Ostrovica,d.76/9,18.89,1,6,NA,d.76/9,76/9,300578,Benkovac,Zadarska županija,Zadar,Šumarija Benkovac,Split,300578_76/9,KC_ZADZ.csv,12556125,300578,76/9,9642.747965650842,2180715.323084246
Split,Benkovac,NA,NA,Lišane Ostrovica,d.245/2,28.17,1,6,NA,d.245/2,245/2,300578,Benkovac,Zadarska županija,Zadar,Šumarija Benkovac,Split,300578_245/2,KC_ZADZ.csv,12554983,300578,245/2,3075.821732708807,489575.53878577246
Split,Benkovac,NA,NA,Lišane Ostrovica,d.199/7,11.56,1,6,NA,d.199/7,199/7,300578,Benkovac,Zadarska županija,Zadar,Šumarija Benkovac,Split,300578_199/7,KC_ZADZ.csv,12554988,300578,199/7,8043.311050469552,3216545.821651319
Split,Benkovac,NA,NA,Lišane Ostrovica,d.193/14,33.66,1,6,NA,d.193/14,193/14,300578,Benkovac,Zadarska županija,Zadar,Šumarija Benkovac,Split,300578_193/14,KC_ZADZ.csv,12550497,300578,193/14,15559.302459115108,2327491.1212559855
Split,Benkovac,NA,NA,Stankovci,d.1307/1,25,1,6,NA,d.1307/1,1307/1,300691,Benkovac,Zadarska županija,Zadar,Šumarija Benkovac,Split,300691_1307/1,KC_ZADZ.csv,12565866,300691.00000000006,1307/1,11337.610781979212,3662371.7806009585
Split,Benkovac,NA,NA,Stankovci,d.1307/1,25,1,6,NA,d.1307/1,1307/1,300691,Benkovac,Zadarska županija,Zadar,Šumarija Benkovac,Split,300691_1307/1,KC_SKZ.csv,12565866,300691.00000000006,1307/1,11337.610781979212,3662371.7806009585
Split,Benkovac,NA,NA,Buković,d.200/1,1.93,1,6,NA,d.200/1,200/1,300411,Benkovac,Zadarska županija,Zadar,Šumarija Benkovac,Split,300411_200/1,KC_ZADZ.csv,12574711,300411.00000000006,200/1,11248.511991751495,1203310.023700558
Split,Biograd,NA,NA,Biograd na moru,d.6/1,3.42,1,6,"d.6/1 N.I. (1853/1, 1853/2 S.I.)","d.6/1, 1853/1, 1853/2",6/1,300756,Biograd na moru,Zadarska županija,Zadar,Šumarija Biograd,Split,300756_6/1,KC_ZADZ.csv,14121237,300756,6/1,3900.260775010172,159568.91865883194
Split,Biograd,NA,NA,Biograd na moru,1853/1,3.42,1,6,"d.6/1 N.I. (1853/1, 1853/2 S.I.)","d.6/1, 1853/1, 1853/2",1853/1,300756,Biograd na moru,Zadarska županija,Zadar,Šumarija Biograd,Split,300756_1853/1,NA,NA,NA,NA,NA,NA
Split,Biograd,NA,NA,Biograd na moru,1853/2,3.42,1,6,"d.6/1 N.I. (1853/1, 1853/2 S.I.)","d.6/1, 1853/1, 1853/2",1853/2,300756,Biograd na moru,Zadarska županija,Zadar,Šumarija Biograd,Split,300756_1853/2,NA,NA,NA,NA,NA,NA
Split,Biograd,NA,NA,Biograd na moru,3718,3.86,1,6,3718 N.I. (455/1 S.I.),"3718, 455/1",3718,300756,Biograd na moru,Zadarska županija,Zadar,Šumarija Biograd,Split,300756_3718,NA,NA,NA,NA,NA,NA
Split,Biograd,NA,NA,Biograd na moru,455/1,3.86,1,6,3718 N.I. (455/1 S.I.),"3718, 455/1",455/1,300756,Biograd na moru,Zadarska županija,Zadar,Šumarija Biograd,Split,300756_455/1,KC_ZADZ.csv,14119215,300756,455/1,211.42112533542638,991.9014440666443
Split,Biograd,NA,NA,Biograd na moru,1998/7,0.07,1,6,NA,1998/7,1998/7,300756,Biograd na moru,Zadarska županija,Zadar,Šumarija Biograd,Split,300756_1998/7,NA,NA,NA,NA,NA,NA
Split,Biograd,NA,NA,Turanj,d.453/1,5,1,6,d.453/1 N.I. (956/4 S.I.),"d.453/1, 956/4",453/1,300861,Biograd na moru,Zadarska županija,Zadar,Šumarija Biograd,Split,300861_453/1,KC_ZADZ.csv,2980030,300860.99999999994,453/1,10987.986041786895,2536251.3420134312
Split,Biograd,NA,NA,Turanj,956/4,5,1,6,d.453/1 N.I. (956/4 S.I.),"d.453/1, 956/4",956/4,300861,Biograd na moru,Zadarska županija,Zadar,Šumarija Biograd,Split,300861_956/4,NA,NA,NA,NA,NA,NA
Split,Drniš,NA,NA,Kričke,d.533,1.85,1,6,NA,d.533,533,305723,Drniš,Šibensko-kninska županija,Šibenik,Šumarija Drniš,Split,305723_533,KC_SKZ.csv,4956309,305723.00000000006,533,623.2361615023767,18540.082807460476
Split,Drniš,NA,NA,Donje Vinovo,d.468/1,0.1,1,6,NA,d.468/1,468/1,305600,Drniš,Šibensko-kninska županija,Šibenik,Šumarija Drniš,Split,305600_468/1,KC_SKZ.csv,12815459,305600,468/1,1647.3725864804762,75976.51247184908
Split,Drniš,NA,NA,Planjane,d.421/13,3,1,6,NA,d.421/13,421/13,305898,Drniš,Šibensko-kninska županija,Šibenik,Šumarija Drniš,Split,305898_421/13,KC_SKZ.csv,12644642,305898,421/13,3651.585215398031,166604.91048890867
Split,Drniš,NA,NA,Planjane,d.798/10,1.5,1,6,NA,d.798/10,798/10,305898,Drniš,Šibensko-kninska županija,Šibenik,Šumarija Drniš,Split,305898_798/10,KC_SKZ.csv,12645687,305898,798/10,18105.03998161447,3109889.5081834197
Split,Drniš,NA,NA,Planjane,d.1125/2,10,1,6,NA,"d.1125/2, d.1126/4",1125/2,305898,Drniš,Šibensko-kninska županija,Šibenik,Šumarija Drniš,Split,305898_1125/2,KC_SKZ.csv,12632618,305898,1125/2,4306.928324384706,161152.1509863344
Split,Drniš,NA,NA,Planjane,d.1126/4,10,1,6,NA,"d.1125/2, d.1126/4",1126/4,305898,Drniš,Šibensko-kninska županija,Šibenik,Šumarija Drniš,Split,305898_1126/4,KC_SKZ.csv,12630283,305898,1126/4,10975.897827798442,1381025.4115021862
Split,Drniš,NA,NA,Karalić,d.450/1,1,1,6,NA,d.450/1,450/1,305693,Drniš,Šibensko-kninska županija,Šibenik,Šumarija Drniš,Split,305693_450/1,KC_SKZ.csv,11208750,305692.99999999994,450/1,2060.079724890834,115265.04703277803
Split,Drniš,NA,NA,Čavoglave,d.20/1,1,1,6,NA,d.20/1,20/1,305561,Drniš,Šibensko-kninska županija,Šibenik,Šumarija Drniš,Split,305561_20/1,KC_SKZ.csv,11905196,305560.99999999994,20/1,72637.98411010319,9598191.91896193
Split,Drniš,NA,NA,Mirlović Zagora,d.1878/3,0.5,1,6,NA,d.1878/3,1878/3,305782,Drniš,Šibensko-kninska županija,Šibenik,Šumarija Drniš,Split,305782_1878/3,KC_SKZ.csv,12026889,305782,1878/3,763.0805081750316,15257.484440514234
Split,Drniš,NA,NA,Podumci,d.435,3,1,6,NA,d.435,435,305901,Drniš,Šibensko-kninska županija,Šibenik,Šumarija Drniš,Split,305901_435,KC_SKZ.csv,12655600,305900.99999999994,435,911.5969033595767,5696.222579671675
Split,Drniš,NA,NA,Trbounje,d.583,10,1,6,NA,"d.583, d.1348/1",583,306045,Drniš,Šibensko-kninska županija,Šibenik,Šumarija Drniš,Split,306045_583,KC_SKZ.csv,12804227,306044.99999999994,583,6302.614215538684,598574.8062364794
Split,Drniš,NA,NA,Trbounje,d.1348/1,10,1,6,NA,"d.583, d.1348/1",1348/1,306045,Drniš,Šibensko-kninska županija,Šibenik,Šumarija Drniš,Split,306045_1348/1,KC_SKZ.csv,12804185,306044.99999999994,1348/1,4983.759756545617,905282.3602927822
Split,Imotski,NA,NA,Cista,d.2875/1,2,1,6,NA,d.2875/1,2875/1,311839,Imotski,Splitsko-dalmatinska županija,Split,Šumarija Imotski,Split,311839_2875/1,KC_SDZ.csv,13248683,311839.00000000006,2875/1,2914.1894637357054,81881.23522763523
Split,Dubrovnik,NA,NA,Tomislavovac,2762,30,1,6,NA,2762,2762,307254,Dubrovnik,Dubrovačko-neretvanska župani,Dubrovnik,Šumarija Dubrovnik,Split,307254_2762,KC_DNZ.csv,1019930,307254,2762,12373.0834998657,5800499.181177
Split,Dubrovnik,NA,NA,Dančanje,d.1720/1,6,1,6,NA,d.1720/1,1720/1,306282,Dubrovnik,Dubrovačko-neretvanska župani,Dubrovnik,Šumarija Dubrovnik,Split,306282_1720/1,KC_DNZ.csv,955511,306282,1720/1,19389.085317091573,4062052.162836629
Split,Dubrovnik,NA,NA,Boljenovići,25/1,39.8,1,6,NA,25/1,25/1,306134,Dubrovnik,Dubrovačko-neretvanska župani,Dubrovnik,Šumarija Dubrovnik,Split,306134_25/1,KC_DNZ.csv,8604984,306134,25/1,4483.69961242704,653164.286119082
Split,Brač,NA,NA,Selca,1029/18,2.5,2,6,NA,"1029/18, 2835/6",1029/18,301701,Supetar,Splitsko-dalmatinska županija,Split,Šumarija Brač,Split,301701_1029/18,KC_SDZ.csv,11747429,301700.99999999994,1029/18,3740.258554306724,539496.9873871361
Split,Brač,NA,NA,Selca,2835/6,2.5,2,6,NA,"1029/18, 2835/6",2835/6,301701,Supetar,Splitsko-dalmatinska županija,Split,Šumarija Brač,Split,301701_2835/6,KC_SDZ.csv,11743768,301700.99999999994,2835/6,4857.022942853834,484611.9289039361
Split,Brač,NA,NA,Sumartin,486,2.5,2,6,NA,"486, 487, 429, 598/1",486,301728,Supetar,Splitsko-dalmatinska županija,Split,Šumarija Brač,Split,301728_486,KC_SDZ.csv,4393443,301728,486,105.33472317494684,673.2490960170609
Split,Brač,NA,NA,Sumartin,487,2.5,2,6,NA,"486, 487, 429, 598/1",487,301728,Supetar,Splitsko-dalmatinska županija,Split,Šumarija Brač,Split,301728_487,KC_SDZ.csv,4393442,301728,487,83.82574300641622,210.72779926353456
Split,Brač,NA,NA,Sumartin,429,2.5,2,6,NA,"486, 487, 429, 598/1",429,301728,Supetar,Splitsko-dalmatinska županija,Split,Šumarija Brač,Split,301728_429,NA,NA,NA,NA,NA,NA
Split,Brač,NA,NA,Sumartin,598/1,2.5,2,6,NA,"486, 487, 429, 598/1",598/1,301728,Supetar,Splitsko-dalmatinska županija,Split,Šumarija Brač,Split,301728_598/1,KC_SDZ.csv,4388846,301728,598/1,1495.4613628330412,5582.429385303908
Split,Brač,NA,NA,Sumartin,1352/1,2.63,2,6,NA,"1352/1, 1352/2, 1352/3, 1352/4",1352/1,301728,Supetar,Splitsko-dalmatinska županija,Split,Šumarija Brač,Split,301728_1352/1,KC_SDZ.csv,4384303,301728,1352/1,126.65528459411965,539.3392821839931
Split,Brač,NA,NA,Sumartin,1352/2,2.63,2,6,NA,"1352/1, 1352/2, 1352/3, 1352/4",1352/2,301728,Supetar,Splitsko-dalmatinska županija,Split,Šumarija Brač,Split,301728_1352/2,KC_SDZ.csv,4383151,301728,1352/2,913.7200289834664,20200.53769881775
Split,Brač,NA,NA,Sumartin,1352/3,2.63,2,6,NA,"1352/1, 1352/2, 1352/3, 1352/4",1352/3,301728,Supetar,Splitsko-dalmatinska županija,Split,Šumarija Brač,Split,301728_1352/3,KC_SDZ.csv,4398104,301728,1352/3,425.9285836679702,4197.21620739916
Split,Brač,NA,NA,Sumartin,1352/4,2.63,2,6,NA,"1352/1, 1352/2, 1352/3, 1352/4",1352/4,301728,Supetar,Splitsko-dalmatinska županija,Split,Šumarija Brač,Split,301728_1352/4,KC_SDZ.csv,4383153,301728,1352/4,163.76657457808992,1562.484950354509
Split,Brač,NA,NA,Sutivan,460,0.87,2,6,NA,"460, 537",460,301744,Supetar,Splitsko-dalmatinska županija,Split,Šumarija Brač,Split,301744_460,KC_SDZ.csv,11512082,301744,460,234.37893481339668,2717.3230285928253
Split,Brač,NA,NA,Sutivan,537,0.87,2,6,NA,"460, 537",537,301744,Supetar,Splitsko-dalmatinska županija,Split,Šumarija Brač,Split,301744_537,KC_SDZ.csv,11513188,301744,537,329.24606093961165,6030.8406878686455
Split,Brač,NA,NA,Sutivan,2851/1,3.33,2,6,NA,"2851/1, 2851/2, 2851/8, 2843",2851/1,301744,Supetar,Splitsko-dalmatinska županija,Split,Šumarija Brač,Split,301744_2851/1,KC_SDZ.csv,11518766,301744,2851/1,423.9371891649543,8609.504422686558
Split,Brač,NA,NA,Sutivan,2851/2,3.33,2,6,NA,"2851/1, 2851/2, 2851/8, 2843",2851/2,301744,Supetar,Splitsko-dalmatinska županija,Split,Šumarija Brač,Split,301744_2851/2,KC_SDZ.csv,11518767,301744,2851/2,499.02094174103667,10698.499897109821
Split,Brač,NA,NA,Sutivan,2851/8,3.33,2,6,NA,"2851/1, 2851/2, 2851/8, 2843",2851/8,301744,Supetar,Splitsko-dalmatinska županija,Split,Šumarija Brač,Split,301744_2851/8,KC_SDZ.csv,11518765,301744,2851/8,379.2502697103237,7595.127924100009
Split,Brač,NA,NA,Sutivan,2843,3.33,2,6,NA,"2851/1, 2851/2, 2851/8, 2843",2843,301744,Supetar,Splitsko-dalmatinska županija,Split,Šumarija Brač,Split,301744_2843,KC_SDZ.csv,11513119,301744,2843,347.88823933335215,6441.524388419603
Split,Brač,NA,NA,Sutivan,2852,3.44,2,6,NA,"2852, 2853, 2939",2852,301744,Supetar,Splitsko-dalmatinska županija,Split,Šumarija Brač,Split,301744_2852,KC_SDZ.csv,11518763,301744,2852,272.40512183675224,1639.9406896163732
Split,Brač,NA,NA,Sutivan,2853,3.44,2,6,NA,"2852, 2853, 2939",2853,301744,Supetar,Splitsko-dalmatinska županija,Split,Šumarija Brač,Split,301744_2853,KC_SDZ.csv,11502002,301744,2853,627.9663290898022,11940.459568271448
Split,Brač,NA,NA,Sutivan,2939,3.44,2,6,NA,"2852, 2853, 2939",2939,301744,Supetar,Splitsko-dalmatinska županija,Split,Šumarija Brač,Split,301744_2939,KC_SDZ.csv,11505360,301744,2939,694.7177921474729,20766.055714785572
Split,Brač,NA,NA,Mirce,563,2,2,6,NA,563,563,301639,Supetar,Splitsko-dalmatinska županija,Split,Šumarija Brač,Split,301639_563,KC_SDZ.csv,11373287,301639.00000000006,563,2431.2624387577416,90669.44098073262
Split,Split,NA,NA,Bristivica,2743/1,11,2,6,NA,2743/1,2743/1,330671,Trogir,Splitsko-dalmatinska županija,Split,Šumarija Split,Split,330671_2743/1,KC_SDZ.csv,9115223,330671.00000000006,2743/1,15799.452197882074,3705873.1184729333
Split,Split,NA,NA,Bristivica,3641/9,10,2,6,NA,3641/9,3641/9,330671,Trogir,Splitsko-dalmatinska županija,Split,Šumarija Split,Split,330671_3641/9,KC_SDZ.csv,9111671,330671.00000000006,3641/9,22809.43189388316,2094910.431607305
Split,Split,NA,NA,Bristivica,d.2778,1,2,6,NA,d.2778,2778,330671,Trogir,Splitsko-dalmatinska županija,Split,Šumarija Split,Split,330671_2778,KC_SDZ.csv,9119988,330671.00000000006,2778,2842.6282732191025,202311.93785161615
Split,Split,NA,NA,Žeževica,6175/1,133,2,6,NA,"6175/1, 6377, 6404/1, 6521/2",6175/1,319813,Omiš,Splitsko-dalmatinska županija,Split,Šumarija Split,Split,319813_6175/1,KC_SDZ.csv,4584179,319812.99999999994,6175/1,40228.651284608655,6114521.698257505
Split,Split,NA,NA,Žeževica,6377,133,2,6,NA,"6175/1, 6377, 6404/1, 6521/2",6377,319813,Omiš,Splitsko-dalmatinska županija,Split,Šumarija Split,Split,319813_6377,KC_SDZ.csv,4592811,319812.99999999994,6377,734.7331824292365,38034.061589601944
Split,Split,NA,NA,Žeževica,6404/1,133,2,6,NA,"6175/1, 6377, 6404/1, 6521/2",6404/1,319813,Omiš,Splitsko-dalmatinska županija,Split,Šumarija Split,Split,319813_6404/1,KC_SDZ.csv,4584185,319812.99999999994,6404/1,14424.602716241805,1107469.1486541214
Split,Split,NA,NA,Žeževica,6521/2,133,2,6,NA,"6175/1, 6377, 6404/1, 6521/2",6521/2,319813,Omiš,Splitsko-dalmatinska županija,Split,Šumarija Split,Split,319813_6521/2,KC_SDZ.csv,4584192,319812.99999999994,6521/2,296.4356413235324,4269.985244738
Split,Split,NA,NA,Katuni,5239/1,133,2,6,NA,"5239/1, 5509/2",5239/1,319651,Omiš,Splitsko-dalmatinska županija,Split,Šumarija Split,Split,319651_5239/1,KC_SDZ.csv,3801270,319651.00000000006,5239/1,7900.538576822352,340517.7345014319
Split,Split,NA,NA,Katuni,5509/2,133,2,6,NA,"5239/1, 5509/2",5509/2,319651,Omiš,Splitsko-dalmatinska županija,Split,Šumarija Split,Split,319651_5509/2,KC_SDZ.csv,3804423,319651.00000000006,5509/2,7142.427249558007,584451.2094640932
Split,Split,NA,NA,Mitlo-Vinovac,2281/7,5.14,2,6,NA,2281/7,2281/7,330736,Trogir,Splitsko-dalmatinska županija,Split,Šumarija Split,Split,330736_2281/7,KC_SKZ.csv,9139955,330736,2281/7,6337.3600951877615,455420.8811079892
Split,Split,NA,NA,Mitlo-Vinovac,2281/7,5.14,2,6,NA,2281/7,2281/7,330736,Trogir,Splitsko-dalmatinska županija,Split,Šumarija Split,Split,330736_2281/7,KC_SDZ.csv,9139955,330736,2281/7,6337.3600951877615,455420.8811079892
Split,Split,NA,NA,Sitno Gornje,2877/11,1,2,6,NA,2877/11,2877/11,329819,Split,Splitsko-dalmatinska županija,Split,Šumarija Split,Split,329819_2877/11,KC_SDZ.csv,12893144,329819.00000000006,2877/11,8266.547451422579,1446669.5481495892
Split,Zadar,NA,NA,Bokanjac,627/13,80.99,2,6,NA,627/13,627/13,334588,Zadar,Zadarska županija,Zadar,Šumarija Zadar,Split,334588_627/13,KC_ZADZ.csv,297179,334588,627/13,4145.463578320313,821320.6587026829
Split,Zadar,NA,NA,Bokanjac,782/207,146.68,2,6,NA,782/207,782/207,334588,Zadar,Zadarska županija,Zadar,Šumarija Zadar,Split,334588_782/207,KC_ZADZ.csv,297449,334588,782/207,5495.593209532717,1478555.3879001124
Split,Zadar,NA,NA,Bokanjac,782/1,18.14,2,6,NA,782/1,782/1,334588,Zadar,Zadarska županija,Zadar,Šumarija Zadar,Split,334588_782/1,KC_ZADZ.csv,298010,334588,782/1,2008.965878380751,184132.76891443634
Split,Zadar,NA,NA,Briševo,407/2,2,2,6,NA,407/2,407/2,334618,Zadar,Zadarska županija,Zadar,Šumarija Zadar,Split,334618_407/2,KC_ZADZ.csv,6082385,334618,407/2,2645.4081893587136,235588.53553698817
Split,Zadar,NA,NA,Briševo,290/7,2.63,2,6,NA,290/7,290/7,334618,Zadar,Zadarska županija,Zadar,Šumarija Zadar,Split,334618_290/7,KC_ZADZ.csv,6082391,334618,290/7,3379.0528466374312,270108.0659047174
Split,Zadar,NA,NA,Vrsi,282/1,179.88,2,6,NA,"282/1, 1207/1",282/1,335185,Zadar,Zadarska županija,Zadar,Šumarija Zadar,Split,335185_282/1,NA,NA,NA,NA,NA,NA
Split,Zadar,NA,NA,Vrsi,1207/1,179.88,2,6,NA,"282/1, 1207/1",1207/1,335185,Zadar,Zadarska županija,Zadar,Šumarija Zadar,Split,335185_1207/1,NA,NA,NA,NA,NA,NA
Split,Zadar,NA,NA,Poljica,163/1,179.88,2,6,NA,163/1,163/1,334863,Zadar,Zadarska županija,Zadar,Šumarija Zadar,Split,334863_163/1,KC_ZADZ.csv,10185648,334863.00000000006,163/1,3693.1696806559144,792275.1452575189
Split,Zadar,NA,NA,Ninski Stanovi,d.1573,176.73,2,6,d.1573 (N.I),d.1573,1573,336734,Zadar,Zadarska županija,Zadar,Šumarija Zadar,Split,336734_1573,KC_ZADZ.csv,8002673,336734,1573,8830.492409252982,2286508.0232887715
Split,Zadar,NA,NA,Ninski Stanovi,d.1570,187.31,2,6,NA,"d.1570, d.1571",1570,336734,Zadar,Zadarska županija,Zadar,Šumarija Zadar,Split,336734_1570,KC_ZADZ.csv,8004943,336734,1570,7511.055459975989,2036228.8780308669
Split,Zadar,NA,NA,Ninski Stanovi,d.1571,187.31,2,6,NA,"d.1570, d.1571",1571,336734,Zadar,Zadarska županija,Zadar,Šumarija Zadar,Split,336734_1571,KC_ZADZ.csv,8004946,336734,1571,5335.068481398472,1276208.133438253
Split,Zadar,NA,NA,Nin-Zaton,6231,40.2,2,6,NA,"6231, 6232",6231,336726,Zadar,Zadarska županija,Zadar,Šumarija Zadar,Split,336726_6231,NA,NA,NA,NA,NA,NA
Split,Zadar,NA,NA,Nin-Zaton,6232,40.2,2,6,NA,"6231, 6232",6232,336726,Zadar,Zadarska županija,Zadar,Šumarija Zadar,Split,336726_6232,NA,NA,NA,NA,NA,NA
Split,Zadar,NA,NA,Poličnik,481/1,20.81,2,6,Poličnik Visočane,"481/1, 632",481/1,334847,Zadar,Zadarska županija,Zadar,Šumarija Zadar,Split,334847_481/1,KC_ZADZ.csv,6080814,334847.00000000006,481/1,10825.98195827815,2794725.5199529077
Split,Zadar,NA,NA,Poličnik,632,20.81,2,6,Poličnik Visočane,"481/1, 632",632,334847,Zadar,Zadarska županija,Zadar,Šumarija Zadar,Split,334847_632,KC_ZADZ.csv,6086758,334847.00000000006,632,1535.899528739097,73972.22189270667
Split,Zadar,NA,NA,Pridraga,1537/14,4,2,6,NA,1537/14,1537/14,334901,Zadar,Zadarska županija,Zadar,Šumarija Zadar,Split,334901_1537/14,KC_ZADZ.csv,4373986,334900.99999999994,1537/14,17132.76818919977,4960840.593288215
Split,Korčula,NA,NA,Blato,13448/1,24.87,2,6,NA,13448/1,13448/1,314633,Blato,Dubrovačko-neretvanska župani,Dubrovnik,Šumarija Korčula,Split,314633_13448/1,KC_DNZ.csv,10017725,314632.99999999994,13448/1,4412.311512833093,779387.0853356544
Split,Korčula,NA,NA,Blato,1287/480,16,2,6,NA,1287/480,1287/480,314633,Blato,Dubrovačko-neretvanska župani,Dubrovnik,Šumarija Korčula,Split,314633_1287/480,NA,NA,NA,NA,NA,NA
Split,Korčula,NA,NA,Smokvica,4164/1,30,2,6,NA,4164/1,4164/1,314749,Blato,Dubrovačko-neretvanska župani,Dubrovnik,Šumarija Korčula,Split,314749_4164/1,KC_DNZ.csv,10568770,314748.99999999994,4164/1,6186.979154282631,1585926.2932418464
Split,Korčula,NA,NA,Smokvica,4236,0.19,2,6,NA,4236,4236,314749,Blato,Dubrovačko-neretvanska župani,Dubrovnik,Šumarija Korčula,Split,314749_4236,KC_DNZ.csv,10572241,314748.99999999994,4236,1130.3914756312706,45559.457629980636
Split,Korčula,NA,NA,Smokvica,4235/12,0.71,2,6,NA,4235/12,4235/12,314749,Blato,Dubrovačko-neretvanska župani,Dubrovnik,Šumarija Korčula,Split,314749_4235/12,KC_DNZ.csv,10566128,314748.99999999994,4235/12,648.3214199989993,17280.191270280702
Split,Korčula,NA,NA,Smokvica,4235/13,3.18,2,6,NA,4235/13,4235/13,314749,Blato,Dubrovačko-neretvanska župani,Dubrovnik,Šumarija Korčula,Split,314749_4235/13,KC_DNZ.csv,10571009,314748.99999999994,4235/13,1106.4841359661632,58842.06020738852
Split,Korčula,NA,NA,Smokvica,4164/2,3,2,6,NA,4164/2,4164/2,314749,Blato,Dubrovačko-neretvanska župani,Dubrovnik,Šumarija Korčula,Split,314749_4164/2,KC_DNZ.csv,10570015,314748.99999999994,4164/2,5213.4166375764025,1042539.9226568112
Split,Korčula,NA,NA,Čara,2206/1,9.11,2,6,NA,"2206/1, 2206/2, 2205/1",2206/1,314641,Korèula,Dubrovačko-neretvanska župani,Dubrovnik,Šumarija Korčula,Split,314641_2206/1,KC_DNZ.csv,1357265,314640.99999999994,2206/1,1901.573836661689,213196.38542709185
Split,Korčula,NA,NA,Čara,2206/2,9.11,2,6,NA,"2206/1, 2206/2, 2205/1",2206/2,314641,Korèula,Dubrovačko-neretvanska župani,Dubrovnik,Šumarija Korčula,Split,314641_2206/2,KC_DNZ.csv,1357267,314640.99999999994,2206/2,2000.8933400679057,204559.41884317112
Split,Korčula,NA,NA,Čara,2205/1,9.11,2,6,NA,"2206/1, 2206/2, 2205/1",2205/1,314641,Korèula,Dubrovačko-neretvanska župani,Dubrovnik,Šumarija Korčula,Split,314641_2205/1,KC_DNZ.csv,1347754,314640.99999999994,2205/1,3811.183785937032,573322.3866623973
Split,Obrovac,NA,NA,Kruševo,611/2,4,3,6,NA,611/2,611/2,319082,Obrovac,Zadarska županija,Zadar,Šumarija Obrovac,Split,319082_611/2,KC_ZADZ.csv,12425738,319082,611/2,6002.512030758055,651089.2442481617
Split,Obrovac,NA,NA,Kruševo,3192/1,0.4,3,6,NA,3192/1,3192/1,319082,Obrovac,Zadarska županija,Zadar,Šumarija Obrovac,Split,319082_3192/1,KC_ZADZ.csv,12421621,319082,3192/1,15589.626030398738,1184867.0549279589
Split,Obrovac,NA,NA,Kruševo,2341/13,36,3,6,NA,2341/13,2341/13,319082,Obrovac,Zadarska županija,Zadar,Šumarija Obrovac,Split,319082_2341/13,KC_ZADZ.csv,12415801,319082,2341/13,2662.679100134334,223919.63224885718
Split,Obrovac,NA,NA,Kruševo,2341/13,36,3,6,NA,2341/13,2341/13,319082,Obrovac,Zadarska županija,Zadar,Šumarija Obrovac,Split,319082_2341/13,KC_ZADZ.csv,12426329,319082,2341/13,56910.77283772657,9673842.067733629
Split,Obrovac,NA,NA,Kruševo,2341/13,36,3,6,NA,2341/13,2341/13,319082,Obrovac,Zadarska županija,Zadar,Šumarija Obrovac,Split,319082_2341/13,KC_ZADZ.csv,12430015,319082,2341/13,5136.487589350159,314555.8895900817
Split,Obrovac,NA,NA,Kruševo,2341/13,36,3,6,NA,2341/13,2341/13,319082,Obrovac,Zadarska županija,Zadar,Šumarija Obrovac,Split,319082_2341/13,KC_ZADZ.csv,12430155,319082,2341/13,1240.5708538364547,24793.28478015021
Split,Makarska,NA,NA,Makarska-Makar,56/2,6.85,3,6,"56/2 S.I. 5092 N.I., 5093 N.I.","56/2, 5092, 5093",56/2,317063,Makarska,Splitsko-dalmatinska županija,Split,Šumarija Makarska,Split,317063_56/2,NA,NA,NA,NA,NA,NA
Split,Makarska,NA,NA,Makarska-Makar,5092,6.85,3,6,"56/2 S.I. 5092 N.I., 5093 N.I.","56/2, 5092, 5093",5092,317063,Makarska,Splitsko-dalmatinska županija,Split,Šumarija Makarska,Split,317063_5092,KC_SDZ.csv,3794581,317063.00000000006,5092,1770.0900966662261,67371.65433929757
Split,Makarska,NA,NA,Makarska-Makar,5093,6.85,3,6,"56/2 S.I. 5092 N.I., 5093 N.I.","56/2, 5092, 5093",5093,317063,Makarska,Splitsko-dalmatinska županija,Split,Šumarija Makarska,Split,317063_5093,KC_SDZ.csv,3794582,317063.00000000006,5093,125.98306085636156,1028.022783551983
Split,Sinj,NA,NA,Vrlika,d.448/1,11.8,3,6,NA,d.448/1,448/1,325996,Sinj,Splitsko-dalmatinska županija,Split,Šumarija Sinj,Split,325996_448/1,KC_SDZ.csv,11964721,325996,448/1,3680.371146492211,205727.13979935928
Split,Sinj,NA,NA,Vrlika,449,0.0327,3,6,NA,449,449,325996,Sinj,Splitsko-dalmatinska županija,Split,Šumarija Sinj,Split,325996_449,KC_SDZ.csv,11965898,325996,449,123.96092508653659,670.2575384545593
Split,Šibenik,NA,NA,Konjevrate,1093,0.03,3,6,NA,1093,1093,330051,Šibenik,Šibensko-kninska županija,Šibenik,Šumarija Šibenik,Split,330051_1093,KC_SKZ.csv,11834858,330051.00000000006,1093,77.45315980969932,276.0446313489186
Split,Šibenik,NA,NA,Konjevrate,1282,0.28,3,6,NA,1282,1282,330051,Šibenik,Šibensko-kninska županija,Šibenik,Šumarija Šibenik,Split,330051_1282,KC_SKZ.csv,11832629,330051.00000000006,1282,780.6524375413164,3097.8591434548725
Split,Šibenik,NA,NA,Konjevrate,1311/1,1.4,3,6,NA,1311/1,1311/1,330051,Šibenik,Šibensko-kninska županija,Šibenik,Šumarija Šibenik,Split,330051_1311/1,KC_SKZ.csv,11826943,330051.00000000006,1311/1,498.32464829583427,14196.215894258065
Split,Šibenik,NA,NA,Konjevrate,1314,1.17,3,6,NA,1314,1314,330051,Šibenik,Šibensko-kninska županija,Šibenik,Šumarija Šibenik,Split,330051_1314,KC_SKZ.csv,11830379,330051.00000000006,1314,536.5833810514374,11710.164565316754
Split,Šibenik,NA,NA,Konjevrate,1319,0.09,3,6,NA,1319,1319,330051,Šibenik,Šibensko-kninska županija,Šibenik,Šumarija Šibenik,Split,330051_1319,KC_SKZ.csv,11831522,330051.00000000006,1319,280.2271019178792,291.2291027126207
Split,Šibenik,NA,NA,Konjevrate,1327/2,1.67,3,6,NA,1327/2,1327/2,330051,Šibenik,Šibensko-kninska županija,Šibenik,Šumarija Šibenik,Split,330051_1327/2,KC_SKZ.csv,11826941,330051.00000000006,1327/2,539.2330183637445,16600.53575852771
Split,Šibenik,NA,NA,Konjevrate,1336,0.06,3,6,NA,1336,1336,330051,Šibenik,Šibensko-kninska županija,Šibenik,Šumarija Šibenik,Split,330051_1336,KC_SKZ.csv,11825834,330051.00000000006,1336,284.2271536590843,583.4467578017149
Split,Šibenik,NA,NA,Konjevrate,1338,0.62,3,6,NA,1338,1338,330051,Šibenik,Šibensko-kninska županija,Šibenik,Šumarija Šibenik,Split,330051_1338,KC_SKZ.csv,11825832,330051.00000000006,1338,448.28198163325266,6400.140578464705
Split,Šibenik,NA,NA,Konjevrate,1354,0.06,3,6,NA,1354,1354,330051,Šibenik,Šibensko-kninska županija,Šibenik,Šumarija Šibenik,Split,330051_1354,KC_SKZ.csv,11824699,330051.00000000006,1354,165.67835233173003,655.7559942327194
Split,Šibenik,NA,NA,Konjevrate,1358/11,46.11,3,6,NA,1358/11,1358/11,330051,Šibenik,Šibensko-kninska županija,Šibenik,Šumarija Šibenik,Split,330051_1358/11,KC_SKZ.csv,11827813,330051.00000000006,1358/11,4851.582360551038,456644.2899329943
Split,Šibenik,NA,NA,Konjevrate,1359,1.69,3,6,NA,1359,1359,330051,Šibenik,Šibensko-kninska županija,Šibenik,Šumarija Šibenik,Split,330051_1359,KC_SKZ.csv,11824687,330051.00000000006,1359,717.5187269498064,16879.22604502754
Split,Šibenik,NA,NA,Konjevrate,1360,0.01,3,6,NA,1360,1360,330051,Šibenik,Šibensko-kninska županija,Šibenik,Šumarija Šibenik,Split,330051_1360,KC_SKZ.csv,11824697,330051.00000000006,1360,64.16822473050333,133.86175311601315
Split,Šibenik,NA,NA,Konjevrate,1362/1,0.01,3,6,NA,1362/1,1362/1,330051,Šibenik,Šibensko-kninska županija,Šibenik,Šumarija Šibenik,Split,330051_1362/1,KC_SKZ.csv,11834863,330051.00000000006,1362/1,42.69427394835736,66.56297905201973
Split,Šibenik,NA,NA,Konjevrate,1363,0.03,3,6,NA,1363,1363,330051,Šibenik,Šibensko-kninska županija,Šibenik,Šumarija Šibenik,Split,330051_1363,KC_SKZ.csv,11834865,330051.00000000006,1363,83.52545396484888,330.78958709303174
Split,Šibenik,NA,NA,Konjevrate,1364/1,1.12,3,6,NA,1364/1,1364/1,330051,Šibenik,Šibensko-kninska županija,Šibenik,Šumarija Šibenik,Split,330051_1364/1,KC_SKZ.csv,11834861,330051.00000000006,1364/1,589.5240985108325,11219.912482289494
Split,Šibenik,NA,NA,Konjevrate,1364/3,0.1,3,6,NA,1364/3,1364/3,330051,Šibenik,Šibensko-kninska županija,Šibenik,Šumarija Šibenik,Split,330051_1364/3,KC_SKZ.csv,11834860,330051.00000000006,1364/3,594.1612279606934,1299.8110819367082
Split,Šibenik,NA,NA,Konjevrate,1364/4,0.99,3,6,NA,1364/4,1364/4,330051,Šibenik,Šibensko-kninska županija,Šibenik,Šumarija Šibenik,Split,330051_1364/4,KC_SKZ.csv,11823599,330051.00000000006,1364/4,530.2854162018068,10096.88412384216
Split,Šibenik,NA,NA,Konjevrate,1368,0.08,3,6,NA,1368,1368,330051,Šibenik,Šibensko-kninska županija,Šibenik,Šumarija Šibenik,Split,330051_1368,KC_SKZ.csv,11823592,330051.00000000006,1368,130.9925691597174,807.525391037682
Split,Šibenik,NA,NA,Konjevrate,1386,0.03,3,6,NA,1386,1386,330051,Šibenik,Šibensko-kninska županija,Šibenik,Šumarija Šibenik,Split,330051_1386,KC_SKZ.csv,11823593,330051.00000000006,1386,135.13257217629217,390.4642253040053
Split,Šibenik,NA,NA,Konjevrate,1392/1,0.66,3,6,NA,1392/1,1392/1,330051,Šibenik,Šibensko-kninska županija,Šibenik,Šumarija Šibenik,Split,330051_1392/1,KC_SKZ.csv,11821401,330051.00000000006,1392/1,544.3374574262975,6646.362157094359
Split,Šibenik,NA,NA,Konjevrate,1413,0.06,3,6,NA,1413,1413,330051,Šibenik,Šibensko-kninska županija,Šibenik,Šumarija Šibenik,Split,330051_1413,KC_SKZ.csv,11836020,330051.00000000006,1413,111.17536807218713,697.2881765271327
Split,Šibenik,NA,NA,Konjevrate,1414/5,0.02,3,6,NA,1414/5,1414/5,330051,Šibenik,Šibensko-kninska županija,Šibenik,Šumarija Šibenik,Split,330051_1414/5,KC_SKZ.csv,11828943,330051.00000000006,1414/5,67.19180606709651,252.94695623135698
Split,Šibenik,NA,NA,Konjevrate,1414/9,0.66,3,6,NA,1414/9,1414/9,330051,Šibenik,Šibensko-kninska županija,Šibenik,Šumarija Šibenik,Split,330051_1414/9,KC_SKZ.csv,11824468,330051.00000000006,1414/9,534.4303069914803,6769.86743584401
Split,Šibenik,NA,NA,Konjevrate,1415,0.03,3,6,NA,1415,1415,330051,Šibenik,Šibensko-kninska županija,Šibenik,Šumarija Šibenik,Split,330051_1415,KC_SKZ.csv,11826734,330051.00000000006,1415,93.01363179784019,334.670508534237
Split,Šibenik,NA,NA,Konjevrate,1419,0.29,3,6,NA,1419,1419,330051,Šibenik,Šibensko-kninska županija,Šibenik,Šumarija Šibenik,Split,330051_1419,KC_SKZ.csv,11824470,330051.00000000006,1419,262.5778605633192,2883.99503860191
Split,Šibenik,NA,NA,Konjevrate,1420/1,0.29,3,6,NA,1420/1,1420/1,330051,Šibenik,Šibensko-kninska županija,Šibenik,Šumarija Šibenik,Split,330051_1420/1,KC_SKZ.csv,11831259,330051.00000000006,1420/1,494.60869093766377,2888.1295624225877
Split,Šibenik,NA,NA,Konjevrate,1528/12,6,3,6,NA,1528/12,1528/12,330051,Šibenik,Šibensko-kninska županija,Šibenik,Šumarija Šibenik,Split,330051_1528/12,KC_SKZ.csv,11825609,330051.00000000006,1528/12,2081.2612267795107,60781.54693920735
Split,Šibenik,NA,NA,Konjevrate,1529/3,11.95,3,6,NA,1529/3,1529/3,330051,Šibenik,Šibensko-kninska županija,Šibenik,Šumarija Šibenik,Split,330051_1529/3,KC_SKZ.csv,11831541,330051.00000000006,1529/3,2137.7547695054745,119669.82080977337
Split,Šibenik,NA,NA,Konjevrate,1529/5,3.79,3,6,NA,1529/5,1529/5,330051,Šibenik,Šibensko-kninska županija,Šibenik,Šumarija Šibenik,Split,330051_1529/5,KC_SKZ.csv,11824474,330051.00000000006,1529/5,1024.375181463402,37980.53208443003
Split,Šibenik,NA,NA,Konjevrate,1530/1,11.13,3,6,NA,1530/1,1530/1,330051,Šibenik,Šibensko-kninska županija,Šibenik,Šumarija Šibenik,Split,330051_1530/1,KC_SKZ.csv,11824472,330051.00000000006,1530/1,1850.9536920297137,114606.30258083837
Split,Šibenik,NA,NA,Konjevrate,1530/5,11.84,3,6,NA,1530/5,1530/5,330051,Šibenik,Šibensko-kninska županija,Šibenik,Šumarija Šibenik,Split,330051_1530/5,KC_SKZ.csv,11829210,330051.00000000006,1530/5,2027.6990896362345,118029.12116607839
Split,Šibenik,NA,NA,Konjevrate,1544,0.06,3,6,NA,1544,1544,330051,Šibenik,Šibensko-kninska županija,Šibenik,Šumarija Šibenik,Split,330051_1544,KC_SKZ.csv,11829206,330051.00000000006,1544,144.3104862644492,577.4337201259975
Split,Šibenik,NA,NA,Konjevrate,1547,0.21,3,6,NA,1547,1547,330051,Šibenik,Šibensko-kninska županija,Šibenik,Šumarija Šibenik,Split,330051_1547,KC_SKZ.csv,11829204,330051.00000000006,1547,356.83700999749567,2231.497292212265
Split,Šibenik,NA,NA,Konjevrate,1548,0.16,3,6,NA,1548,1548,330051,Šibenik,Šibensko-kninska županija,Šibenik,Šumarija Šibenik,Split,330051_1548,KC_SKZ.csv,11828059,330051.00000000006,1548,223.94237257077256,1646.8442152264263
Split,Šibenik,NA,NA,Konjevrate,1549,0.06,3,6,NA,1549,1549,330051,Šibenik,Šibensko-kninska županija,Šibenik,Šumarija Šibenik,Split,330051_1549,KC_SKZ.csv,11828058,330051.00000000006,1549,117.1441061417031,619.1478532164707
Split,Šibenik,NA,NA,Konjevrate,1576/3,0.06,3,6,NA,1576/3,1576/3,330051,Šibenik,Šibensko-kninska županija,Šibenik,Šumarija Šibenik,Split,330051_1576/3,KC_SKZ.csv,11834898,330051.00000000006,1576/3,120.59466474751045,572.055787142277
Split,Šibenik,NA,NA,Konjevrate,1599,0.2,3,6,NA,1599,1599,330051,Šibenik,Šibensko-kninska županija,Šibenik,Šumarija Šibenik,Split,330051_1599,KC_SKZ.csv,11834888,330051.00000000006,1599,284.48840414655047,2068.1080275214185
Split,Šibenik,NA,NA,Čista,802/1,521,3,6,NA,802/1,802/1,329932,Šibenik,Šibensko-kninska županija,Šibenik,Šumarija Šibenik,Split,329932_802/1,KC_SKZ.csv,10059146,329932,802/1,11402.30956906359,3184644.8379996303
Split,Šibenik,NA,NA,Čista,803,322.49,3,6,NA,803,803,329932,Šibenik,Šibensko-kninska županija,Šibenik,Šumarija Šibenik,Split,329932_803,KC_SKZ.csv,10060470,329932,803,11602.398559010411,3225420.6664460474
Split,Šibenik,NA,NA,Čista,2019/3,139.98,3,6,NA,2019/3,2019/3,329932,Šibenik,Šibensko-kninska županija,Šibenik,Šumarija Šibenik,Split,329932_2019/3,KC_SKZ.csv,10060462,329932,2019/3,6964.376896238117,1394189.6017631362
Split,Šibenik,NA,NA,Jadrtovac,d.374/1,12,3,6,NA,"d.374/1, d.374/9",374/1,330035,Šibenik,Šibensko-kninska županija,Šibenik,Šumarija Šibenik,Split,330035_374/1,KC_SKZ.csv,11885669,330035.00000000006,374/1,3675.1083203996145,324578.2374980559
Split,Šibenik,NA,NA,Jadrtovac,d.374/9,12,3,6,NA,"d.374/1, d.374/9",374/9,330035,Šibenik,Šibensko-kninska županija,Šibenik,Šumarija Šibenik,Split,330035_374/9,KC_SKZ.csv,11892953,330035.00000000006,374/9,4057.003966973894,410863.0361573941
Split,Šibenik,NA,NA,Zaton-Raslina,618/5,1.6,3,6,NA,618/5,618/5,330353,Šibenik,Šibensko-kninska županija,Šibenik,Šumarija Šibenik,Split,330353_618/5,KC_SKZ.csv,11932960,330352.99999999994,618/5,9416.944539109503,1389811.077873377
Split,Šibenik,NA,NA,Tisno,d.1280/1,10,3,6,NA,d.1280/1,1280/1,330272,Šibenik,Šibensko-kninska županija,Šibenik,Šumarija Šibenik,Split,330272_1280/1,KC_SKZ.csv,11984244,330272,1280/1,5054.097557511567,620646.5209567301
Split,Šibenik,NA,NA,Tisno,9178/7,10,3,6,NA,9178/7,9178/7,330272,Šibenik,Šibensko-kninska županija,Šibenik,Šumarija Šibenik,Split,330272_9178/7,KC_SKZ.csv,11985972,330272,9178/7,1476.062605307441,33776.6953396264
Split,Šibenik,NA,NA,Dubravice,1401/1,39.88,3,6,NA,1401/1,1401/1,329991,Šibenik,Šibensko-kninska županija,Šibenik,Šumarija Šibenik,Split,329991_1401/1,KC_SKZ.csv,9949155,329991.00000000006,1401/1,3884.4689046684352,400775.2789867719
Split,Šibenik,NA,NA,Velika Glava,1626/1,34.16,3,6,NA,1626/1,1626/1,330329,Šibenik,Šibensko-kninska županija,Šibenik,Šumarija Šibenik,Split,330329_1626/1,KC_SKZ.csv,10185030,330328.99999999994,1626/1,3853.9636796282757,342579.7025059785
Split,Šibenik,NA,NA,Bribir,1345/3,5,3,6,NA,1345/3,1345/3,329916,Šibenik,Šibensko-kninska županija,Šibenik,Šumarija Šibenik,Split,329916_1345/3,KC_SKZ.csv,10061913,329916,1345/3,1233.5689546812644,71614.32036472294
Senj,Krk,NA,NA,Skrbčići,995/1,14.27,4,6,NA,995/1,995/1,315982,Krk,Primorsko-goranska županija,Rijeka,Šumarija Krk,Senj,315982_995/1,NA,NA,NA,NA,NA,NA
Senj,Krk,NA,NA,Skrbčići,1297/2,16.53,4,6,NA,1297/2,1297/2,315982,Krk,Primorsko-goranska županija,Rijeka,Šumarija Krk,Senj,315982_1297/2,KC_PGZ.csv,10650984,315982,1297/2,1706.8299411570383,168413.03331165438
Senj,Krk,NA,NA,Skrbčići,995/7,1.5,4,6,NA,995/7,995/7,315982,Krk,Primorsko-goranska županija,Rijeka,Šumarija Krk,Senj,315982_995/7,KC_PGZ.csv,10636195,315982,995/7,678.0792582201162,15042.670530733983
Buzet,Cres-Lošinj,NA,NA,Osor,d.1017/1,2.3,4,6,NA,d.1017/1,1017/1,302422,Mali Lošinj,Primorsko-goranska županija,Rijeka,Šumarija Cres-Lošinj,Buzet,302422_1017/1,KC_PGZ.csv,7293927,302422,1017/1,2344.59977678377,185444.73224515966
Buzet,Cres-Lošinj,NA,NA,Osor,d.1017/5,13.59,4,6,NA,d.1017/5,1017/5,302422,Mali Lošinj,Primorsko-goranska županija,Rijeka,Šumarija Cres-Lošinj,Buzet,302422_1017/5,KC_PGZ.csv,7304384,302422,1017/5,1867.437151547356,188059.50487162857
Buzet,Cres-Lošinj,NA,NA,Ćunski,8499/2,2.23,4,6,NA,8499/2,8499/2,302341,Mali Lošinj,Primorsko-goranska županija,Rijeka,Šumarija Cres-Lošinj,Buzet,302341_8499/2,KC_PGZ.csv,7548991,302340.99999999994,8499/2,616.7684378004298,22350.198646942416
Buzet,Cres-Lošinj,NA,NA,Ćunski,8501,0.82,4,6,NA,8501,8501,302341,Mali Lošinj,Primorsko-goranska županija,Rijeka,Šumarija Cres-Lošinj,Buzet,302341_8501,KC_PGZ.csv,7545185,302340.99999999994,8501,383.9959598801801,8157.1852824044445
Buzet,Cres-Lošinj,NA,NA,Ćunski,7993,0.1609,4,6,NA,7993,7993,302341,Mali Lošinj,Primorsko-goranska županija,Rijeka,Šumarija Cres-Lošinj,Buzet,302341_7993,KC_PGZ.csv,7546523,302340.99999999994,7993,169.7332660614203,1597.2592192010761
Buzet,Cres-Lošinj,NA,NA,Ćunski,8036,0.6101,4,6,NA,8036,8036,302341,Mali Lošinj,Primorsko-goranska županija,Rijeka,Šumarija Cres-Lošinj,Buzet,302341_8036,KC_PGZ.csv,7550316,302340.99999999994,8036,320.20775509803156,6093.646724901407
Buzet,Cres-Lošinj,NA,NA,Ćunski,7997,0.3566,4,6,NA,7997,7997,302341,Mali Lošinj,Primorsko-goranska županija,Rijeka,Šumarija Cres-Lošinj,Buzet,302341_7997,KC_PGZ.csv,7546525,302340.99999999994,7997,297.8986765009943,3531.863167054032
Buzet,Cres-Lošinj,NA,NA,Ćunski,8038,0.2656,4,6,NA,8038,8038,302341,Mali Lošinj,Primorsko-goranska županija,Rijeka,Šumarija Cres-Lošinj,Buzet,302341_8038,KC_PGZ.csv,7550317,302340.99999999994,8038,241.10071415603574,2727.4232530873605
Buzet,Cres-Lošinj,NA,NA,Ćunski,8039,0.3164,4,6,NA,8039,8039,302341,Mali Lošinj,Primorsko-goranska županija,Rijeka,Šumarija Cres-Lošinj,Buzet,302341_8039,KC_PGZ.csv,7550313,302340.99999999994,8039,255.98506239367146,3172.801643236398
Buzet,Cres-Lošinj,NA,NA,Ćunski,8499/1,1.729,4,6,NA,8499/1,8499/1,302341,Mali Lošinj,Primorsko-goranska županija,Rijeka,Šumarija Cres-Lošinj,Buzet,302341_8499/1,KC_PGZ.csv,7548990,302340.99999999994,8499/1,698.8648585269063,17312.539218108668
Buzet,Cres-Lošinj,NA,NA,Ćunski,8508/1,0.3285,4,6,NA,8508/1,8508/1,302341,Mali Lošinj,Primorsko-goranska županija,Rijeka,Šumarija Cres-Lošinj,Buzet,302341_8508/1,KC_PGZ.csv,7545186,302340.99999999994,8508/1,281.4965178291859,3262.1986620175717
Buzet,Cres-Lošinj,NA,NA,Ćunski,8508/2,0.3146,4,6,NA,8508/2,8508/2,302341,Mali Lošinj,Primorsko-goranska županija,Rijeka,Šumarija Cres-Lošinj,Buzet,302341_8508/2,KC_PGZ.csv,7545187,302340.99999999994,8508/2,272.2379927402253,3081.004993925927
Buzet,Cres-Lošinj,NA,NA,Ćunski,8318,0.3896,4,6,NA,8318,8318,302341,Mali Lošinj,Primorsko-goranska županija,Rijeka,Šumarija Cres-Lošinj,Buzet,302341_8318,KC_PGZ.csv,7545200,302340.99999999994,8318,246.36596252813,3805.856115056385
Buzet,Cres-Lošinj,NA,NA,Ćunski,8315,1.5478,4,6,NA,8315,8315,302341,Mali Lošinj,Primorsko-goranska županija,Rijeka,Šumarija Cres-Lošinj,Buzet,302341_8315,KC_PGZ.csv,7546477,302340.99999999994,8315,710.5980071696946,15602.789481179641
Buzet,Cres-Lošinj,NA,NA,Ćunski,8170,0.0373,4,6,NA,8170,8170,302341,Mali Lošinj,Primorsko-goranska županija,Rijeka,Šumarija Cres-Lošinj,Buzet,302341_8170,KC_PGZ.csv,7564530,302340.99999999994,8170,82.925293846279,376.9830336455983
Buzet,Cres-Lošinj,NA,NA,Ćunski,8173,0.6317,4,6,NA,8173,8173,302341,Mali Lošinj,Primorsko-goranska županija,Rijeka,Šumarija Cres-Lošinj,Buzet,302341_8173,KC_PGZ.csv,7551049,302340.99999999994,8173,415.50211156328737,6247.443401691806
Buzet,Cres-Lošinj,NA,NA,Ćunski,8205,0.2181,4,6,NA,8205,8205,302341,Mali Lošinj,Primorsko-goranska županija,Rijeka,Šumarija Cres-Lošinj,Buzet,302341_8205,KC_PGZ.csv,7560661,302340.99999999994,8205,197.9980055233426,2196.493529689434
Buzet,Cres-Lošinj,NA,NA,Ćunski,8214/1,0.1441,4,6,NA,8214/1,8214/1,302341,Mali Lošinj,Primorsko-goranska županija,Rijeka,Šumarija Cres-Lošinj,Buzet,302341_8214/1,KC_PGZ.csv,7563240,302340.99999999994,8214/1,176.10816676241961,1413.3046282765558
Buzet,Cres-Lošinj,NA,NA,Ćunski,8215/1,0.1855,4,6,NA,8215/1,8215/1,302341,Mali Lošinj,Primorsko-goranska županija,Rijeka,Šumarija Cres-Lošinj,Buzet,302341_8215/1,KC_PGZ.csv,7563242,302340.99999999994,8215/1,210.47876686742728,1832.68035997874
Buzet,Cres-Lošinj,NA,NA,Ćunski,8216,0.2857,4,6,NA,8216,8216,302341,Mali Lošinj,Primorsko-goranska županija,Rijeka,Šumarija Cres-Lošinj,Buzet,302341_8216,KC_PGZ.csv,7563241,302340.99999999994,8216,265.63097305806957,2852.603856547541
Buzet,Cres-Lošinj,NA,NA,Ćunski,8165,0.0881,4,6,NA,8165,8165,302341,Mali Lošinj,Primorsko-goranska županija,Rijeka,Šumarija Cres-Lošinj,Buzet,302341_8165,KC_PGZ.csv,7545267,302340.99999999994,8165,120.59240855026334,897.1998396010927
Buzet,Cres-Lošinj,NA,NA,Ćunski,8169,0.8203,4,6,NA,8169,8169,302341,Mali Lošinj,Primorsko-goranska županija,Rijeka,Šumarija Cres-Lošinj,Buzet,302341_8169,KC_PGZ.csv,7564532,302340.99999999994,8169,408.1323553531073,8137.357554335243
Buzet,Cres-Lošinj,NA,NA,Ćunski,7924,0.7366,4,6,NA,7924,7924,302341,Mali Lošinj,Primorsko-goranska županija,Rijeka,Šumarija Cres-Lošinj,Buzet,302341_7924,KC_PGZ.csv,7552863,302340.99999999994,7924,358.06601337464133,7315.507647339719
Buzet,Cres-Lošinj,NA,NA,Ćunski,7928,0.3566,4,6,NA,7928,7928,302341,Mali Lošinj,Primorsko-goranska županija,Rijeka,Šumarija Cres-Lošinj,Buzet,302341_7928,KC_PGZ.csv,7550415,302340.99999999994,7928,259.33954492139634,3590.4551105830133
Buzet,Cres-Lošinj,NA,NA,Ćunski,7930,0.1212,4,6,NA,7930,7930,302341,Mali Lošinj,Primorsko-goranska županija,Rijeka,Šumarija Cres-Lošinj,Buzet,302341_7930,KC_PGZ.csv,7550417,302340.99999999994,7930,207.90716474281678,1259.4945757706237
Buzet,Cres-Lošinj,NA,NA,Ćunski,7932,0.3043,4,6,NA,7932,7932,302341,Mali Lošinj,Primorsko-goranska županija,Rijeka,Šumarija Cres-Lošinj,Buzet,302341_7932,KC_PGZ.csv,7550411,302340.99999999994,7932,238.79451572108894,3036.088700503601
Buzet,Cres-Lošinj,NA,NA,Ćunski,7935,0.3626,4,6,NA,7935,7935,302341,Mali Lošinj,Primorsko-goranska županija,Rijeka,Šumarija Cres-Lošinj,Buzet,302341_7935,KC_PGZ.csv,7550410,302340.99999999994,7935,257.6194725712501,3723.4813444077035
Buzet,Cres-Lošinj,NA,NA,Ćunski,7938,0.4011,4,6,NA,7938,7938,302341,Mali Lošinj,Primorsko-goranska županija,Rijeka,Šumarija Cres-Lošinj,Buzet,302341_7938,KC_PGZ.csv,7550408,302340.99999999994,7938,255.05220023887836,3969.038053897179
Buzet,Cres-Lošinj,NA,NA,Ćunski,7942,0.6679,4,6,NA,7942,7942,302341,Mali Lošinj,Primorsko-goranska županija,Rijeka,Šumarija Cres-Lošinj,Buzet,302341_7942,KC_PGZ.csv,7549098,302340.99999999994,7942,335.59961768597606,6665.028882131528
Buzet,Cres-Lošinj,NA,NA,Ćunski,7950/2,0.96,4,6,NA,7950/2,7950/2,302341,Mali Lošinj,Primorsko-goranska županija,Rijeka,Šumarija Cres-Lošinj,Buzet,302341_7950/2,KC_PGZ.csv,7551590,302340.99999999994,7950/2,494.86431853873495,9660.724418894171
Buzet,Cres-Lošinj,NA,NA,Ćunski,7951,0.434,4,6,NA,7951,7951,302341,Mali Lošinj,Primorsko-goranska županija,Rijeka,Šumarija Cres-Lošinj,Buzet,302341_7951,KC_PGZ.csv,7550397,302340.99999999994,7951,279.7801205082939,4289.271624911522
Buzet,Cres-Lošinj,NA,NA,Ćunski,7954/2,0.3683,4,6,NA,7954/2,7954/2,302341,Mali Lošinj,Primorsko-goranska županija,Rijeka,Šumarija Cres-Lošinj,Buzet,302341_7954/2,KC_PGZ.csv,7556693,302340.99999999994,7954/2,508.0623914910629,3645.068325956511
Buzet,Cres-Lošinj,NA,NA,Ćunski,7975,0.6553,4,6,NA,7975,7975,302341,Mali Lošinj,Primorsko-goranska županija,Rijeka,Šumarija Cres-Lošinj,Buzet,302341_7975,KC_PGZ.csv,7551591,302340.99999999994,7975,609.5128767126519,7444.2168006542115
Buzet,Cres-Lošinj,NA,NA,Ćunski,7976,0.1315,4,6,NA,7976,7976,302341,Mali Lošinj,Primorsko-goranska županija,Rijeka,Šumarija Cres-Lošinj,Buzet,302341_7976,KC_PGZ.csv,7551589,302340.99999999994,7976,142.7330942377351,1268.3056119931834
Buzet,Cres-Lošinj,NA,NA,Ćunski,7989,0.2644,4,6,NA,7989,7989,302341,Mali Lošinj,Primorsko-goranska županija,Rijeka,Šumarija Cres-Lošinj,Buzet,302341_7989,KC_PGZ.csv,7546524,302340.99999999994,7989,246.5863924207819,2592.409404568367
Buzet,Cres-Lošinj,NA,NA,Ćunski,7990,0.0241,4,6,NA,7990,7990,302341,Mali Lošinj,Primorsko-goranska županija,Rijeka,Šumarija Cres-Lošinj,Buzet,302341_7990,KC_PGZ.csv,7550406,302340.99999999994,7990,79.77925212180497,256.83768470127427
Buzet,Cres-Lošinj,NA,NA,Ćunski,7992,0.1569,4,6,NA,7992,7992,302341,Mali Lošinj,Primorsko-goranska županija,Rijeka,Šumarija Cres-Lošinj,Buzet,302341_7992,KC_PGZ.csv,7546522,302340.99999999994,7992,182.89576298306324,1570.3730282169042
Buzet,Cres-Lošinj,NA,NA,Ćunski,7993,0.1609,4,6,NA,7993,7993,302341,Mali Lošinj,Primorsko-goranska županija,Rijeka,Šumarija Cres-Lošinj,Buzet,302341_7993,KC_PGZ.csv,7546523,302340.99999999994,7993,169.7332660614203,1597.2592192010761
Buzet,Cres-Lošinj,NA,NA,Ćunski,8027/1,0.305,4,6,NA,8027/1,8027/1,302341,Mali Lošinj,Primorsko-goranska županija,Rijeka,Šumarija Cres-Lošinj,Buzet,302341_8027/1,KC_PGZ.csv,7547813,302340.99999999994,8027/1,224.8056491817158,3072.6449562126636
Buzet,Cres-Lošinj,NA,NA,Ćunski,8029,0.1895,4,6,NA,8029,8029,302341,Mali Lošinj,Primorsko-goranska županija,Rijeka,Šumarija Cres-Lošinj,Buzet,302341_8029,KC_PGZ.csv,7549085,302340.99999999994,8029,179.33428681287518,1855.980626459928
Buzet,Cres-Lošinj,NA,NA,Ćunski,8292,0.2131,4,6,NA,8292,8292,302341,Mali Lošinj,Primorsko-goranska županija,Rijeka,Šumarija Cres-Lošinj,Buzet,302341_8292,KC_PGZ.csv,7560595,302340.99999999994,8292,240.56631352583275,2183.2639034585027
Buzet,Cres-Lošinj,NA,NA,Ćunski,8295,0.6523,4,6,NA,8295,8295,302341,Mali Lošinj,Primorsko-goranska županija,Rijeka,Šumarija Cres-Lošinj,Buzet,302341_8295,KC_PGZ.csv,7559295,302340.99999999994,8295,442.87742573348226,6471.207194959225
Buzet,Cres-Lošinj,NA,NA,Ćunski,8296,0.0374,4,6,NA,8296,8296,302341,Mali Lošinj,Primorsko-goranska županija,Rijeka,Šumarija Cres-Lošinj,Buzet,302341_8296,KC_PGZ.csv,7563181,302340.99999999994,8296,79.04390804005256,369.9430392711626
Buzet,Cres-Lošinj,NA,NA,Ćunski,8297,0.0866,4,6,NA,8297,8297,302341,Mali Lošinj,Primorsko-goranska županija,Rijeka,Šumarija Cres-Lošinj,Buzet,302341_8297,KC_PGZ.csv,7563182,302340.99999999994,8297,119.12122316526307,853.2034161172252
Buzet,Cres-Lošinj,NA,NA,Ćunski,8298,0.1598,4,6,NA,8298,8298,302341,Mali Lošinj,Primorsko-goranska županija,Rijeka,Šumarija Cres-Lošinj,Buzet,302341_8298,KC_PGZ.csv,7550357,302340.99999999994,8298,160.64410932362338,1591.2146110632905
Buzet,Cres-Lošinj,NA,NA,Ćunski,8299,0.0868,4,6,NA,8299,8299,302341,Mali Lošinj,Primorsko-goranska županija,Rijeka,Šumarija Cres-Lošinj,Buzet,302341_8299,KC_PGZ.csv,7550356,302340.99999999994,8299,128.30496336539147,858.416303410674
Buzet,Cres-Lošinj,NA,NA,Ćunski,8300,0.0962,4,6,NA,8300,8300,302341,Mali Lošinj,Primorsko-goranska županija,Rijeka,Šumarija Cres-Lošinj,Buzet,302341_8300,KC_PGZ.csv,7550355,302340.99999999994,8300,136.12180573414233,957.6480554496924
Buzet,Cres-Lošinj,NA,NA,Ćunski,8325,0.3364,4,6,NA,8325,8325,302341,Mali Lošinj,Primorsko-goranska županija,Rijeka,Šumarija Cres-Lošinj,Buzet,302341_8325,KC_PGZ.csv,7561877,302340.99999999994,8325,236.1008090715,3349.975994291679
Buzet,Cres-Lošinj,NA,NA,Ćunski,8335,0.111,4,6,NA,8335,8335,302341,Mali Lošinj,Primorsko-goranska županija,Rijeka,Šumarija Cres-Lošinj,Buzet,302341_8335,KC_PGZ.csv,7559301,302340.99999999994,8335,135.86882828277174,1106.8982717776012
Buzet,Cres-Lošinj,NA,NA,Ćunski,8338,0.2761,4,6,NA,8338,8338,302341,Mali Lošinj,Primorsko-goranska županija,Rijeka,Šumarija Cres-Lošinj,Buzet,302341_8338,KC_PGZ.csv,7560583,302340.99999999994,8338,214.99540447503296,2711.8474351518203
Buzet,Cres-Lošinj,NA,NA,Ćunski,8491,0.0665,4,6,NA,8491,8491,302341,Mali Lošinj,Primorsko-goranska županija,Rijeka,Šumarija Cres-Lošinj,Buzet,302341_8491,KC_PGZ.csv,7564467,302340.99999999994,8491,115.09565707890407,704.348854256416
Buzet,Cres-Lošinj,NA,NA,Ćunski,9955/4,0.787,4,6,NA,9955/4,9955/4,302341,Mali Lošinj,Primorsko-goranska županija,Rijeka,Šumarija Cres-Lošinj,Buzet,302341_9955/4,NA,NA,NA,NA,NA,NA
Buzet,Cres-Lošinj,NA,NA,Ćunski,10061,0.169,4,6,NA,10061,10061,302341,Mali Lošinj,Primorsko-goranska županija,Rijeka,Šumarija Cres-Lošinj,Buzet,302341_10061,KC_PGZ.csv,7531185,302340.99999999994,10061,89.92373716120919,413.9449183217426
Buzet,Cres-Lošinj,NA,NA,Ćunski,10082,0.2212,4,6,NA,10082,10082,302341,Mali Lošinj,Primorsko-goranska županija,Rijeka,Šumarija Cres-Lošinj,Buzet,302341_10082,KC_PGZ.csv,7544717,302340.99999999994,10082,98.06929094738038,324.6964435281616
Buzet,Cres-Lošinj,NA,NA,Ćunski,10089,0.0906,4,6,NA,10089,10089,302341,Mali Lošinj,Primorsko-goranska županija,Rijeka,Šumarija Cres-Lošinj,Buzet,302341_10089,KC_PGZ.csv,7562712,302340.99999999994,10089,71.79301658847913,273.38483286074853
Buzet,Cres-Lošinj,NA,NA,Ćunski,10090,0.0676,4,6,NA,10090,10090,302341,Mali Lošinj,Primorsko-goranska županija,Rijeka,Šumarija Cres-Lošinj,Buzet,302341_10090,KC_PGZ.csv,7562730,302340.99999999994,10090,58.485685449062046,188.27354699429725
Buzet,Cres-Lošinj,NA,NA,Ćunski,10091,0.0518,4,6,NA,10091,10091,302341,Mali Lošinj,Primorsko-goranska županija,Rijeka,Šumarija Cres-Lošinj,Buzet,302341_10091,KC_PGZ.csv,7562708,302340.99999999994,10091,68.84430825154536,275.4527978122947
Buzet,Cres-Lošinj,NA,NA,Ćunski,10092,0.0561,4,6,NA,10092,10092,302341,Mali Lošinj,Primorsko-goranska županija,Rijeka,Šumarija Cres-Lošinj,Buzet,302341_10092,KC_PGZ.csv,7531184,302340.99999999994,10092,55.71033229537722,178.74025193782558
Buzet,Cres-Lošinj,NA,NA,Ćunski,10093,0.223,5,6,NA,10093,10093,302341,Mali Lošinj,Primorsko-goranska županija,Rijeka,Šumarija Cres-Lošinj,Buzet,302341_10093,KC_PGZ.csv,7531183,302340.99999999994,10093,52.742540274131954,112.29752928718173
Buzet,Cres-Lošinj,NA,NA,Ćunski,10102,0.15,5,6,NA,10102,10102,302341,Mali Lošinj,Primorsko-goranska županija,Rijeka,Šumarija Cres-Lošinj,Buzet,302341_10102,KC_PGZ.csv,7554988,302340.99999999994,10102,46.13217925919121,56.95709176998476
Buzet,Cres-Lošinj,NA,NA,Ćunski,10103,0.0673,5,6,NA,10103,10103,302341,Mali Lošinj,Primorsko-goranska županija,Rijeka,Šumarija Cres-Lošinj,Buzet,302341_10103,KC_PGZ.csv,7562736,302340.99999999994,10103,75.21041978459311,313.52983984350715
Buzet,Cres-Lošinj,NA,NA,Ćunski,10104,0.0363,5,6,NA,10104,10104,302341,Mali Lošinj,Primorsko-goranska županija,Rijeka,Šumarija Cres-Lošinj,Buzet,302341_10104,KC_PGZ.csv,7564026,302340.99999999994,10104,46.53724522985324,126.98158882922363
Buzet,Cres-Lošinj,NA,NA,Ćunski,10105/1,0.0604,5,6,NA,10105/1,10105/1,302341,Mali Lošinj,Primorsko-goranska županija,Rijeka,Šumarija Cres-Lošinj,Buzet,302341_10105/1,NA,NA,NA,NA,NA,NA
Buzet,Cres-Lošinj,NA,NA,Ćunski,10105/2,0.0611,5,6,NA,10105/2,10105/2,302341,Mali Lošinj,Primorsko-goranska županija,Rijeka,Šumarija Cres-Lošinj,Buzet,302341_10105/2,NA,NA,NA,NA,NA,NA
Buzet,Cres-Lošinj,NA,NA,Ćunski,10105/3,0.0554,5,6,NA,10105/3,10105/3,302341,Mali Lošinj,Primorsko-goranska županija,Rijeka,Šumarija Cres-Lošinj,Buzet,302341_10105/3,NA,NA,NA,NA,NA,NA
Buzet,Cres-Lošinj,NA,NA,Ćunski,10105/4,0.0543,5,6,NA,10105/4,10105/4,302341,Mali Lošinj,Primorsko-goranska županija,Rijeka,Šumarija Cres-Lošinj,Buzet,302341_10105/4,NA,NA,NA,NA,NA,NA
Buzet,Cres-Lošinj,NA,NA,Ćunski,8273/2,0.3864,5,6,NA,8273/2,8273/2,302341,Mali Lošinj,Primorsko-goranska županija,Rijeka,Šumarija Cres-Lošinj,Buzet,302341_8273/2,KC_PGZ.csv,7552934,302340.99999999994,8273/2,283.8742047015303,3838.4698286023586
Buzet,Cres-Lošinj,NA,NA,Ćunski,8277,0.2935,5,6,NA,8277,8277,302341,Mali Lošinj,Primorsko-goranska županija,Rijeka,Šumarija Cres-Lošinj,Buzet,302341_8277,KC_PGZ.csv,7555490,302340.99999999994,8277,218.547897928892,2891.186583084448
Buzet,Cres-Lošinj,NA,NA,Ćunski,8280,0.18,5,6,NA,8280,8280,302341,Mali Lošinj,Primorsko-goranska županija,Rijeka,Šumarija Cres-Lošinj,Buzet,302341_8280,KC_PGZ.csv,7560591,302340.99999999994,8280,273.0879521786856,3589.9301861200524
Buzet,Cres-Lošinj,NA,NA,Ćunski,8283,0.3228,5,6,NA,8283,8283,302341,Mali Lošinj,Primorsko-goranska županija,Rijeka,Šumarija Cres-Lošinj,Buzet,302341_8283,KC_PGZ.csv,7560592,302340.99999999994,8283,264.9105391589798,3167.7756197578524
Buzet,Cres-Lošinj,NA,NA,Ćunski,8355/1,0.1092,5,6,NA,8355/1,8355/1,302341,Mali Lošinj,Primorsko-goranska županija,Rijeka,Šumarija Cres-Lošinj,Buzet,302341_8355/1,KC_PGZ.csv,7558057,302340.99999999994,8355/1,135.1941651913824,1101.143306376495
Buzet,Cres-Lošinj,NA,NA,Ćunski,8421,0.0989,5,6,NA,8421,8421,302341,Mali Lošinj,Primorsko-goranska županija,Rijeka,Šumarija Cres-Lošinj,Buzet,302341_8421,KC_PGZ.csv,7551572,302340.99999999994,8421,127.45158144392738,948.0222723461103
Buzet,Cres-Lošinj,NA,NA,Ćunski,8422,0.0807,5,6,NA,8422,8422,302341,Mali Lošinj,Primorsko-goranska županija,Rijeka,Šumarija Cres-Lošinj,Buzet,302341_8422,KC_PGZ.csv,7551571,302340.99999999994,8422,120.03317962767034,831.1095433844963
Buzet,Cres-Lošinj,NA,NA,Ćunski,8449,0.2632,5,6,NA,8449,8449,302341,Mali Lošinj,Primorsko-goranska županija,Rijeka,Šumarija Cres-Lošinj,Buzet,302341_8449,KC_PGZ.csv,7564475,302340.99999999994,8449,215.6702860016452,2711.2483568683056
Buzet,Cres-Lošinj,NA,NA,Ćunski,8455,0.053,5,6,NA,8455,8455,302341,Mali Lošinj,Primorsko-goranska županija,Rijeka,Šumarija Cres-Lošinj,Buzet,302341_8455,KC_PGZ.csv,7550309,302340.99999999994,8455,96.34991311576329,559.3560938249456
Buzet,Cres-Lošinj,NA,NA,Ćunski,8456,0.0758,5,6,NA,8456,8456,302341,Mali Lošinj,Primorsko-goranska županija,Rijeka,Šumarija Cres-Lošinj,Buzet,302341_8456,KC_PGZ.csv,7551568,302340.99999999994,8456,111.46629233639887,768.2086132956924
Buzet,Cres-Lošinj,NA,NA,Ćunski,8463,0.7294,5,6,NA,8463,8463,302341,Mali Lošinj,Primorsko-goranska županija,Rijeka,Šumarija Cres-Lošinj,Buzet,302341_8463,KC_PGZ.csv,7550295,302340.99999999994,8463,424.6921931224763,7334.938938719392
Buzet,Cres-Lošinj,NA,NA,Ćunski,8464,0.3316,5,6,NA,8464,8464,302341,Mali Lošinj,Primorsko-goranska županija,Rijeka,Šumarija Cres-Lošinj,Buzet,302341_8464,KC_PGZ.csv,7550291,302340.99999999994,8464,239.7348740588835,3391.3281249967154
Buzet,Cres-Lošinj,NA,NA,Ćunski,8467,0.4433,5,6,NA,8467,8467,302341,Mali Lošinj,Primorsko-goranska županija,Rijeka,Šumarija Cres-Lošinj,Buzet,302341_8467,KC_PGZ.csv,7550289,302340.99999999994,8467,301.5746449967767,4501.713099746613
Buzet,Cres-Lošinj,NA,NA,Mali Lošinj,10165,0.1349,5,6,NA,10165,10165,302376,Mali Lošinj,Primorsko-goranska županija,Rijeka,Šumarija Cres-Lošinj,Buzet,302376_10165,KC_PGZ.csv,7666637,302376,10165,178.39355947385258,1329.695263119063
Buzet,Cres-Lošinj,NA,NA,Mali Lošinj,10275,0.1349,5,6,NA,10275,10275,302376,Mali Lošinj,Primorsko-goranska županija,Rijeka,Šumarija Cres-Lošinj,Buzet,302376_10275,KC_PGZ.csv,7670450,302376,10275,386.81919435867,6667.0509872234625
Buzet,Cres-Lošinj,NA,NA,Cres,d.1384/3,30.51,5,6,NA,d.1384/3,1384/3,302325,Cres,Primorsko-goranska županija,Rijeka,Šumarija Cres-Lošinj,Buzet,302325_1384/3,KC_PGZ.csv,4794080,302324.99999999994,1384/3,14131.629225635015,4684654.803031067
Buzet,Cres-Lošinj,NA,NA,Cres,1386,1.01,5,6,NA,"1386, 1387, 1388",1386,302325,Cres,Primorsko-goranska županija,Rijeka,Šumarija Cres-Lošinj,Buzet,302325_1386,KC_PGZ.csv,4827739,302324.99999999994,1386,206.99777918408995,2437.528500358771
Buzet,Cres-Lošinj,NA,NA,Cres,1387,1.01,5,6,NA,"1386, 1387, 1388",1387,302325,Cres,Primorsko-goranska županija,Rijeka,Šumarija Cres-Lošinj,Buzet,302325_1387,KC_PGZ.csv,4827740,302324.99999999994,1387,121.12249556646286,729.0069032435227
Buzet,Cres-Lošinj,NA,NA,Cres,1388,1.01,5,6,NA,"1386, 1387, 1388",1388,302325,Cres,Primorsko-goranska županija,Rijeka,Šumarija Cres-Lošinj,Buzet,302325_1388,KC_PGZ.csv,4833650,302324.99999999994,1388,351.52485545426424,7031.2854180019485
Buzet,Pazin,NA,NA,Zarečje,572/79,0.0755,5,6,NA,572/79,572/79,322580,Pazin,Istarska županija,Pazin,Šumarija Pazin,Buzet,322580_572/79,KC_IZ.csv,8945790,322580,572/79,109.89025840337825,738.7363233550795
Buzet,Pazin,NA,NA,Zarečje,d.572/78,0.68,5,6,NA,d.572/78,572/78,322580,Pazin,Istarska županija,Pazin,Šumarija Pazin,Buzet,322580_572/78,KC_IZ.csv,8946894,322580,572/78,2427.070386822456,42251.2316549287
Buzet,Pazin,NA,NA,Zarečje,572/140,0.16,5,6,NA,572/140,572/140,322580,Pazin,Istarska županija,Pazin,Šumarija Pazin,Buzet,322580_572/140,KC_IZ.csv,8946893,322580,572/140,256.6049161046053,4012.570883100161
Buzet,Buje,NA,NA,Lovrečica,d.533/3,0.26,5,6,NA,d.533/3,533/3,301884,Buje,Istarska županija,Pazin,Šumarija Buje,Buzet,301884_533/3,KC_IZ.csv,9597287,301884,533/3,231.42541800508553,3155.53019873453
Buzet,Buje,NA,NA,Materada,89/22,2.127,5,6,NA,89/22,89/22,301892,Buje,Istarska županija,Pazin,Šumarija Buje,Buzet,301892_89/22,KC_IZ.csv,9582939,301892,89/22,582.9007348694646,21392.24221453213
Buzet,Buje,NA,NA,Umag,d.6791,1.1,5,6,NA,d.6791,6791,302023,Buje,Istarska županija,Pazin,Šumarija Buje,Buzet,302023_6791,KC_IZ.csv,13047359,302023.00000000006,6791,497.3618427950944,14643.502727014054
Osijek,Baranjsko Petrovo Selo,NA,NA,Bolman,1442,8.1,5,6,NA,1442,1442,300063,Beli Manastir,Osječko-baranjska županija,Osijek,Šumarija Baranjsko Petrovo Selo,Osijek,300063_1442,KC_OBZ.csv,91455,300063.00000000006,1442,1389.5103827102744,80960.62412861048
Osijek,Baranjsko Petrovo Selo,NA,NA,Bolman,1443,0.38,5,6,NA,1443,1443,300063,Beli Manastir,Osječko-baranjska županija,Osijek,Šumarija Baranjsko Petrovo Selo,Osijek,300063_1443,KC_OBZ.csv,94855,300063.00000000006,1443,295.91994606762535,3870.1143525440034
Osijek,Batina,NA,NA,Popovac,1604/4,0.23,5,6,NA,1604/4,1604/4,300276,Beli Manastir,Osječko-baranjska županija,Osijek,Šumarija Batina,Osijek,300276_1604/4,KC_OBZ.csv,50416,300276,1604/4,251.158883192906,2350.811545049772
Osijek,Batina,NA,NA,Popovac,1604/5,0.21,5,6,NA,1604/5,1604/5,300276,Beli Manastir,Osječko-baranjska županija,Osijek,Šumarija Batina,Osijek,300276_1604/5,KC_OBZ.csv,50543,300276,1604/5,250.9649397270408,2085.5701542847887
Požega,Kutjevo,NA,NA,Mitrovac,682/4,0.2641,5,6,NA,682/4,682/4,327549,Požega,Požeško-slavonska županija,Požega,Šumarija Kutjevo,Požega,327549_682/4,KC_PSZ.csv,1125670,327548.99999999994,682/4,252.49318850316342,2632.4205338058478
