USP;Sumarija;GJ;Odsjek;KO;KC;Povrsina;stranica;odluka;napomena;ko_mb
Split;Hvar;SV.Nikola;25b;Hvar;d.819/1;34.8;1;1;NA;311693
Split;Hvar;SV.Nikola;25b;Hvar;d.819/2;34.8;1;1;NA;311693
Split;Hvar;SV.Nikola;30a;Brusje;608;4.55;1;1;NA;311642
Split;Hvar;SV.Nikola;30a;Brusje;612/1;4.55;1;1;NA;311642
Split;Hvar;SV.Nikola;30a;Brusje;d.612/3;4.55;1;1;NA;311642
Split;Hvar;SV.Nikola;30c;Brusje;d.612/3;8.27;1;1;NA;311642
Split;Hvar;SV.Nikola;30c;Brusje;620/1;8.27;1;1;NA;311642
Split;Hvar;SV.Nikola;30d;Brusje;552/1;8.17;1;1;NA;311642
Split;Hvar;SV.Nikola;31a;Brusje;2860;4.56;1;1;NA;311642
Split;Hvar;SV.Nikola;31a;Brusje;2861;4.56;1;1;NA;311642
Split;Hvar;SV.Nikola;31a;Brusje;2859;4.56;1;1;NA;311642
Split;Hvar;SV.Nikola;31a;Brusje;2877/1;4.56;1;1;NA;311642
Split;Hvar;SV.Nikola;31a;Brusje;2871;4.56;1;1;NA;311642
Split;Hvar;SV.Nikola;31a;Brusje;2874;4.56;1;1;NA;311642
Split;Hvar;SV.Nikola;31a;Brusje;2898/7;4.56;1;1;NA;311642
Split;Hvar;SV.Nikola;31a;Brusje;2898/6;4.56;1;1;NA;311642
Split;Hvar;SV.Nikola;31a;Brusje;2991;4.56;1;1;NA;311642
Split;Hvar;SV.Nikola;31a;Brusje;2932;4.56;1;1;NA;311642
Split;Hvar;SV.Nikola;31a;Brusje;2870;4.56;1;1;NA;311642
Split;Hvar;SV.Nikola;31a;Brusje;2876;4.56;1;1;NA;311642
Split;Hvar;SV.Nikola;31a;Brusje;2898/8;4.56;1;1;NA;311642
Split;Hvar;SV.Nikola;31a;Brusje;2989;4.56;1;1;NA;311642
Split;Hvar;SV.Nikola;31a;Brusje;2931;4.56;1;1;NA;311642
Split;Hvar;SV.Nikola;31a;Brusje;2934;4.56;1;1;NA;311642
Split;Hvar;SV.Nikola;31a;Brusje;3056;4.56;1;1;NA;311642
Split;Hvar;SV.Nikola;31a;Brusje;6671;4.56;1;1;NA;311642
Split;Hvar;SV.Nikola;31a;Brusje;6673;4.56;1;1;NA;311642
Split;Hvar;SV.Nikola;31b;Brusje;2165/1;11.12;1;1;NA;311642
Split;Hvar;SV.Nikola;31b;Brusje;2249/14;11.12;1;1;NA;311642
Split;Hvar;SV.Nikola;31b;Brusje;2338/15;11.12;1;1;NA;311642
Split;Hvar;SV.Nikola;31c;Brusje;2193;2.62;1;1;NA;311642
Split;Hvar;SV.Nikola;77a;Grablje;5545;5.44;1;1;NA;311685
Split;Hvar;SV.Nikola;77a;Grablje;7454;5.44;1;1;NA;311685
Split;Hvar;SV.Nikola;77a;Grablje;7455;5.44;1;1;NA;311685
Split;Hvar;SV.Nikola;77a;Grablje;7456/14;5.44;1;1;NA;311685
Split;Hvar;SV.Nikola;77a;Grablje;7459/118;5.44;1;1;NA;311685
Split;Hvar;SV.Nikola;77b;Grablje;6792;1.49;1;1;NA;311685
Split;Hvar;SV.Nikola;77c;Grablje;d.5980;19.35;1;1;NA;311685
Split;Hvar;SV.Nikola;77c;Grablje;6031;19.35;1;1;NA;311685
Split;Hvar;SV.Nikola;77c;Grablje;6062;19.35;1;1;NA;311685
Split;Hvar;SV.Nikola;77c;Grablje;6157;19.35;1;1;NA;311685
Split;Hvar;SV.Nikola;77c;Grablje;6249/3;19.35;1;1;NA;311685
Split;Hvar;SV.Nikola;77c;Grablje;d.6247/4;19.35;1;1;NA;311685
Split;Hvar;SV.Nikola;77c;Grablje;d.6158/1;19.35;1;1;NA;311685
Split;Hvar;SV.Nikola;77c;Grablje;583;19.35;1;1;NA;311685
Split;Hvar;SV.Nikola;77c;Grablje;584;19.35;1;1;NA;311685
Split;Hvar;SV.Nikola;77c;Grablje;1430;19.35;1;1;NA;311685
Split;Hvar;SV.Nikola;77c;Grablje;1503/4;19.35;1;1;NA;311685
Split;Hvar;SV.Nikola;77c;Grablje;1550;19.35;1;1;NA;311685
Split;Hvar;SV.Nikola;77c;Grablje;2606/2;19.35;1;1;NA;311685
Split;Hvar;SV.Nikola;77c;Grablje;2606/4;19.35;1;1;NA;311685
Split;Hvar;SV.Nikola;77c;Grablje;2606/8;19.35;1;1;NA;311685
Split;Hvar;SV.Nikola;77c;Grablje;2707/1;19.35;1;1;NA;311685
Split;Hvar;SV.Nikola;79a;Grablje;1848/1;28.68;1;1;NA;311685
Split;Hvar;SV.Nikola;79a;Grablje;1655;28.68;1;1;NA;311685
Split;Hvar;SV.Nikola;79a;Grablje;1857;28.68;1;1;NA;311685
Split;Hvar;SV.Nikola;79a;Grablje;1856;28.68;1;1;NA;311685
Split;Hvar;SV.Nikola;79a;Grablje;d.1828/1;28.68;1;1;NA;311685
Split;Hvar;SV.Nikola;79a;Grablje;d.1895;28.68;1;1;NA;311685
Split;Hvar;Plame;10a;Suæuraj;1326/22;9.22;1;1;NA;311731
Split;Hvar;Plame;10a;Suæuraj;d1378/1;9.22;1;1;NA;311731
Split;Hvar;Plame;10a;Suæuraj;1378/16;9.22;1;1;NA;311731
Split;Hvar;Plame;11a;Suæuraj;d.1356/7;30.45;1;1;NA;311731
Split;Hvar;Plame;11a;Suæuraj;d.1378/1;30.45;1;1;NA;311731
Split;Hvar;Plame;11a;Suæuraj;1378/49;30.45;1;1;NA;311731
Split;Hvar;Plame;14a;Suæuraj;d.1328/5;33.53;1;1;NA;311731
Split;Hvar;Plame;14a;Suæuraj;d.1459/1;33.53;1;1;NA;311731
Split;Hvar;Plame;14a;Suæuraj;1459/5;33.53;1;1;NA;311731
Split;Hvar;Plame;14a;Suæuraj;d.1459/6;33.53;1;1;NA;311731
Split;Hvar;Plame;32a;Bogomolje;d.3922/1;50.38;1;1;NA;311634
Split;Hvar;Plame;32a;Bogomolje;d.3923;50.38;1;1;NA;311634
Split;Hvar;Plame;32a;Bogomolje;d.3925;50.38;1;1;NA;311634
Split;Hvar;Plame;32a;Bogomolje;3927;50.38;1;1;NA;311634
Split;Hvar;Plame;32a;Bogomolje;"
3928";50.38;1;1;NA;311634
Split;Hvar;Plame;32a;Bogomolje;3929;50.38;1;1;NA;311634
Split;Hvar;Plame;32a;Bogomolje;d.3930;50.38;1;1;NA;311634
Split;Hvar;Plame;32a;Bogomolje;3931;50.38;1;1;NA;311634
Split;Hvar;Plame;32a;Bogomolje;d.3934;50.38;1;1;NA;311634
Split;Hvar;Plame;32a;Bogomolje;"3935.
3936";50.38;1;1;NA;311634
Split;Hvar;Plame;32a;Bogomolje;3924;50.38;1;1;NA;311634
Split;Hvar;Plame;32a;Bogomolje;d.3926;50.38;1;1;NA;311634
Split;Hvar;Plame;32a;Bogomolje;3932;50.38;1;1;NA;311634
Split;Hvar;Plame;32a;Bogomolje;3933;50.38;1;1;NA;311634
Split;Hvar;Plame;32a;Bogomolje;d.3941;50.38;1;1;NA;311634
Split;Hvar;Plame;32a;Bogomolje;d.3943;50.38;1;1;NA;311634
Split;Hvar;Plame;32a;Bogomolje;3947;50.38;1;1;NA;311634
Split;Hvar;Plame;35a;Bogomolje;d.3922/1;37.63;1;1;NA;311634
Split;Hvar;Plame;35a;Bogomolje;3922/5;37.63;1;1;NA;311634
Split;Hvar;Plame;35a;Bogomolje;d.3960/1;37.63;1;1;NA;311634
Split;Hvar;Plame;35a;Bogomolje;3960/9;37.63;1;1;NA;311634
Split;Hvar;Plame;36a;Bogomolje;d.3922/1;33.47;1;1;NA;311634
Split;Hvar;Plame;36a;Bogomolje;d.3941;33.47;1;1;NA;311634
Split;Hvar;Plame;36a;Bogomolje;d.3943;33.47;1;1;NA;311634
Split;Hvar;Plame;36a;Bogomolje;3953;33.47;1;1;NA;311634
Split;Hvar;Plame;36a;Bogomolje;3957;33.47;1;1;NA;311634
Split;Hvar;Plame;36a;Bogomolje;3958;33.47;1;1;NA;311634
Split;Hvar;Plame;36a;Bogomolje;d.3960/1;33.47;1;1;NA;311634
Split;Hvar;Plame;36a;Bogomolje;3960/2;33.47;1;1;NA;311634
Split;Dubrovnik;Kuna;5;Gornja vruæica;1845;20;1;1;NA;306479
Split;Dubrovnik;Kuna;6a;Gornja vruæica;1845;10;1;1;NA;306479
Split;Dubrovnik;Èesvinica;48b, 49a, 50;Sparagoviæi;1946/1;37.01;1;1;NA;307149
Split;Dubrovnik;Èesvinica;48b;Sparagoviæi;1949/1;9.71;1;1;NA;307149
Split;Dubrovnik;Èesvinica;47a;Sparagoviæi;1950;1.67;1;1;NA;307149
Split;Dubrovnik;Èesvinica;47a;Sparagoviæi;1953/1;2.49;1;1;NA;307149
Split;Dubrovnik;Èesvinica;1, 2, 3, 4, 5, 6, 7, 8, 9, 11, 12, 13, 14;Tomislavovac;4381/11;87.45;1;1;NA;307254
Split;Braè;Dol;9;Puèišæa;d.3905;10;1;1;NA;301698
Split;Braè;Dol;9;Puèišæa;3905/1;10;1;1;NA;301698
Split;Braè;Dol;9;Puèišæa;d.3904/1;10;1;1;NA;301698
Split;Braè;Dol;10c;Puèišæa;d.3910;15;1;1;NA;301698
Split;Braè;Dol;10c;Puèišæa;d.3904/1;15;1;1;NA;301698
Split;Braè;Dol;10c;Puèišæa;d.3965;15;1;1;NA;301698
Split;Braè;Vidova gora;44a;Nerežišæa;d.1653;3;1;1;NA;301647
Split;Braè;Vidova gora;48a;Nerežišæa;d.5651;5;1;1;NA;301647
Split;Braè;Vidova gora;54b;Nerežišæa;d.5652;8;1;1;NA;301647
Split;Braè;Vidova gora;46a;Nerežišæa;d.5583/1;5;1;1;NA;301647
Split;Braè;Vidova gora;45a;Nerežišæa;d.1653;8;1;1;NA;301647
Split;Split;Žeževica;51a;Katuni;d.5239/1;32.87;1;1;NA;319651
Split;Split;Žeževica;51a;Katuni;d.5509/1;32.87;1;1;NA;319651
Split;Split;Žeževica;51a;Žeževica;d.6521/1;32.87;1;1;NA;319813
Split;Split;Žeževica;51a;Žeževica;d.6404/1;32.87;1;1;NA;319813
Split;Split;Žeževica;53a;Katuni;d.5429;46.43;1;1;NA;319651
Split;Split;Žeževica;53a;Katuni;d.5509/1;46.43;1;1;NA;319651
Split;Split;Žeževica;53a;Katuni;d.5509/2;46.43;1;1;NA;319651
Split;Split;Žeževica;53a;Katuni;5525;46.43;1;1;NA;319651
Split;Split;Žeževica;53a;Katuni;d.5540/1;46.43;1;1;NA;319651
Split;Split;Žeževica;53a;Katuni;d.5540/3;46.43;1;1;NA;319651
Split;Split;Žeževica;53a;Opanci;d.429/1;46.43;1;1;NA;311910
Split;Split;Žeževica;57a;Opanci;d.2552/42;46.43;1;1;NA;311910
Split;Split;Žeževica;57a;Opanci;d.2623/5;46.43;1;1;NA;311910
Split;Split;Žeževica;57a;Opanci;d.2626/2;46.43;1;1;NA;311910
Split;Split;Žeževica;57a;Opanci;d.2663/2;46.43;1;1;NA;311910
Split;Split;Žeževica;57a;Opanci;d.2693/8;46.43;1;1;NA;311910
Split;Split;Žeževica;57a;Opanci;d.2792/4;46.43;1;1;NA;311910
Split;Split;Marina;56a;Seget gornji;2030;23.59;2;1;NA;330701
Split;Split;Marina;56a;Seget gornji;d.2508/1;23.59;2;1;NA;330701
Split;Split;Marina;64a;Marina;d.2210/10;22.3;2;1;NA;330728
Split;Split;Marina;65a;Marina;d.2244/1;4.11;2;1;NA;330728
Split;Split;Marina;66a;Marina;d.1344/1;3.08;2;1;NA;330728
Split;Split;Marina;76b;Trogir;d.5343;15.47;2;1;NA;330779
Split;Split;Broèanac;79a;Konjsko;1750/1;54.1;2;1;NA;329584
Split;Split;Broèanac;89b;Gizdavac;d.1825;7.43;2;1;NA;329533
Split;Split;Broèanac;89b;Gizdavac;1318/1;7.43;2;1;NA;329533
Split;Split;Vilaja;70b;Marina;1.1.9591;5.93;2;1;NA;330728
Split;Split;Vilaja;70b;Marina;10012;5.93;2;1;NA;330728
Split;Split;Vilaja;71b;Marina;1.1.9591;7.27;2;1;NA;330728
Split;Split;Vilaja;77a;Marina;1.1.9591;9.9;2;1;NA;330728
Split;Split;Kozjak kaštela;20a;Labin;d.2963/1;39.48;2;1;NA;313530
Split;Split;Kozjak kaštela;20a;Labin;d.2963/1;39.48;2;1;NA;316504
Split;Split;Kozjak kaštela;20a;Labin;d.2964/1;39.48;2;1;NA;313530
Split;Split;Kozjak kaštela;20a;Labin;d.2964/1;39.48;2;1;NA;316504
Split;Split;Kozjak kaštela;35b;Labin;d.3012;7.67;2;1;NA;313530
Split;Split;Kozjak kaštela;35b;Labin;d.3012;7.67;2;1;NA;316504
Split;Split;Kozjak kaštela;35b;Labin;d.3029;7.67;2;1;NA;313530
Split;Split;Kozjak kaštela;35b;Labin;d.3029;7.67;2;1;NA;316504
Split;Split;Kozjak kaštela;31b;Trogir;3651;3.1;2;1;NA;330779
Split;Split;Kozjak kaštela;31d;Trogir;2906/1;3.7;2;1;NA;330779
Split;Split;Kozjak kaštela;31d;Trogir;d.2909/2;3.7;2;1;NA;330779
Split;Split;Kozjak kaštela;31d;Trogir;2909/4;3.7;2;1;NA;330779
Split;Split;Kozjak kaštela;31d;Trogir;2909/5;3.7;2;1;NA;330779
Split;Split;Kozjak kaštela;36c;Trogir;3526;7.04;2;1;NA;330779
Split;Split;Kozjak kaštela;36c;Trogir;3609;7.04;2;1;NA;330779
Split;Split;Kozjak kaštela;36a;Kaštel štafiliæ;16.sij;11.33;2;1;NA;313513
Split;Split;Blato na Cetini;7a;Katuni;d.3716/1;52.52;2;1;NA;319651
Split;Split;Blato na Cetini;7a;Katuni;d.7405;52.52;2;1;NA;319651
Split;Split;Blato na Cetini;7a;Katuni;7429;52.52;2;1;NA;319651
Split;Split;Blato na Cetini;11b;Katuni;d.7166/1;56.32;2;1;NA;319651
Split;Split;Blato na Cetini;12a;Katuni;d.4527/1;50;2;1;NA;319651
Split;Split;Blato na Cetini;12a;Katuni;d.6287/29;50;2;1;NA;319651
Split;Split;Blato na Cetini;12a;Katuni;d.7166/1;50;2;1;NA;319651
Split;Sinj;Èemernica;4b;Turjaci;d.177/1;4;2;1;NA;325902
Split;Sinj;Èemernica;1813;Košute;d.919;5;2;1;NA;325694
Split;Sinj;Èemernica;30b;Vojniæ;139/1;5;2;1;NA;325970
Split;Sinj;Èemernica;30b;Vojniæ;1257;5;2;1;NA;325970
Split;Sinj;Èemernica;32b;Vojniæ;d.177/1;5;2;1;NA;325970
Split;Sinj;Kopršnica;1b;Vedrine;2557/1;4;2;1;NA;325945
Split;Benkovac;Debelo brdo;dio 17;Gornje biljane;d.1440/1;10;2;1;Korlat Biljane Gornje;300489
Split;Benkovac;Debelo brdo;dio 17;Gornje biljane;980/1;10;2;1;Korlat Biljane Gornje;300489
Split;Benkovac;Debelo brdo;dio 17;Gornje biljane;980/2;10;2;1;Korlat Biljane Gornje;300489
Split;Benkovac;Debelo brdo;dio 17;Gornje biljane;1152/1;10;2;1;Korlat Biljane Gornje;300489
Split;Benkovac;Debelo brdo;dio 17;Gornje biljane;1152/2;10;2;1;Korlat Biljane Gornje;300489
Split;Benkovac;Debelo brdo;dio 18;Gornje biljane;d.1440/1;25;2;1;Korlat Biljane Gornje;300489
Split;Benkovac;Debelo brdo;dio 18;Gornje biljane;d.1439;25;2;1;Korlat Biljane Gornje;300489
Split;Benkovac;Debelo brdo;dio 18;Gornje biljane;1152/4;25;2;1;Korlat Biljane Gornje;300489
Split;Benkovac;Debelo brdo;dio 18;Gornje biljane;1152/5;25;2;1;Korlat Biljane Gornje;300489
Split;Benkovac;Debelo brdo;dio 18;Gornje biljane;1153;25;2;1;Korlat Biljane Gornje;300489
Split;Benkovac;Debelo brdo;30;Korlat;d.1396/1;43.17;2;1;NA;300535
Split;Benkovac;Debelo brdo;30;Korlat;d.1440/1;43.17;2;1;NA;300535
Split;Benkovac;Debelo brdo;31;Korlat;d.1437;42.27;2;1;NA;300535
Split;Benkovac;Debelo brdo;31;Korlat;d.1438;42.27;2;1;NA;300535
Split;Benkovac;Debelo brdo;31;Korlat;d.1439;42.27;2;1;NA;300535
Split;Benkovac;Debelo brdo;31;Korlat;d.1440/1;42.27;2;1;NA;300535
Split;Benkovac;Debelo brdo;32;Korlat;d.1440/1;103;2;1;NA;300535
Split;Benkovac;Debelo brdo;33;Korlat;d.1396/1;103;2;1;NA;300535
Split;Benkovac;Debelo brdo;33;Korlat;d.1440/1;103;2;1;NA;300535
Split;Benkovac;Debelo brdo;dio 34;Korlat;d.1440/1;103;2;1;NA;300535
Split;Benkovac;Debelo brdo;dio 35;Korlat;d.1396/1;103;2;1;NA;300535
Split;Benkovac;Debelo brdo;dio 35;Korlat;d.1440/1;103;2;1;NA;300535
Split;Benkovac;Debelo brdo;dio 36;Korlat;d.1396/1;103;2;1;NA;300535
Split;Benkovac;Debelo brdo;dio 44;Korlat;d.1396/1;103;2;1;NA;300535
Split;Benkovac;Debelo brdo;dio 3a;Donje biljane;1097/1;10;2;1;Biljane Donje;300454
Split;Benkovac;Debelo brdo;dio 6;Donje biljane;856/1;15;2;1;Biljane Donje;300454
Split;Benkovac;Polaèa;neureðen;Nadin;1081/1;1.65;2;1;NA;300586
Split;Benkovac;Polaèa;neureðen;Nadin;1015/46;4.5;2;1;NA;300586
Split;Benkovac;Polaèa;neureðen;Nadin;1015/46;2;2;1;NA;300586
Split;Benkovac;Polaèa;neureðen;Nadin;1015/47;2;2;1;NA;300586
Split;Benkovac;Polaèa;neureðen;Rašteviæ;1262/1;4.5;2;1;NA;300675
Split;Benkovac;Polaèa;neureðen;Rašteviæ;986/30;3;2;1;NA;300675
Split;Korèula;Škanja rat;24b;Blato;28362/1;4.25;2;1;Dubrovnik;306126
Split;Korèula;Škanja rat;24b;Blato;28362/1;4.25;2;1;Dubrovnik;306126
Split;Korèula;Škanja rat;24b;Blato;28362/1;4.25;2;1;Dubrovnik;306126
Split;Korèula;Škanja rat;23b;Blato;28362/6;19.75;2;1;Dubrovnik;306126
Split;Korèula;Škanja rat;23b;Blato;28362/6;19.75;2;1;Dubrovnik;306126
Split;Korèula;Škanja rat;23b;Blato;28362/6;19.75;2;1;Dubrovnik;306126
Split;Korèula;Škanja rat;24a;Blato;28362/1;10;2;1;Dubrovnik;306126
Split;Korèula;Škanja rat;24a;Blato;28362/1;10;2;1;Dubrovnik;306126
Split;Korèula;Škanja rat;24a;Blato;28362/1;10;2;1;Dubrovnik;306126
Split;Korèula;Škanja rat;dio 28a;Blato;12955/1;38.56;2;1;Dubrovnik;306126
Split;Korèula;Škanja rat;dio 28a;Blato;12955/1;38.56;2;1;Dubrovnik;306126
Split;Korèula;Škanja rat;dio 28a;Blato;12955/1;38.56;2;1;Dubrovnik;306126
Split;Korèula;Škanja rat;12c;Smokvica;4235/1;2;2;1;NA;314749
Split;Korèula;Škanja rat;12c;Smokvica;4235/7;2;2;1;NA;314749
Split;Korèula;Škanja rat;12c;Smokvica;4235/10;2;2;1;NA;314749
Split;Korèula;Škanja rat;5a;Vela luka;d.2430/2169;8.4;2;1;ruèni ko;314765
Split;Korèula;Škanja rat;5b;Vela luka;d.2430/2169;2.8;2;1;ruèni ko;314765
Split;Korèula;Škanja rat;5c;Vela luka;d.2430/2169;18.09;2;1;ruèni ko;314765
Split;Korèula;Škanja rat;5c;Vela luka;d.2340/9611;18.09;2;1;ruèni ko;314765
Split;Korèula;Škanja rat;5d;Vela luka;d.2430/2169;19.41;2;1;ruèni ko;314765
Split;Korèula;Škanja rat;5e;Vela luka;d.2430/2169;6.3;2;1;ruèni ko;314765
Split;Korèula;Nakovanj;13;Viganj;4251/8;3;2;1;NA;314773
Split;Korèula;Pupnatska luka;32a;Lumbarda;2635/10;15;3;1;NA;314676
Split;Korèula;Pupnatska luka;47a;Èara;2378/1;15;3;1;NA;314641
Split;Korèula;Pupnatska luka;45a;Èara;2206/1;10;3;1;NA;314641
Split;Korèula;Pupnatska luka;45a;Èara;2006/2;10;3;1;NA;314641
Split;Korèula;Pupnatska luka;45a;Èara;2205/1;10;3;1;NA;314641
Split;Korèula;Lastovo;34a;Lastovo;9743/3;10;3;1;NA;316717
Split;Korèula;Lastovo;33a;Lastovo;9743/3;10;3;1;NA;316717
Split;Korèula;Lastovo;33a;Lastovo;9770;10;3;1;NA;316717
Split;Korèula;Lastovo;33a;Lastovo;9958/2;10;3;1;NA;316717
Split;Korèula;Lastovo;33a;Lastovo;9989;10;3;1;NA;316717
Split;Korèula;Lastovo;33a;Lastovo;10011;10;3;1;NA;316717
Split;Korèula;Lastovo;33a;Lastovo;10031;10;3;1;NA;316717
Split;Korèula;Lastovo;33a;Lastovo;10125;10;3;1;NA;316717
Split;Korèula;Lastovo;33a;Lastovo;10739;10;3;1;NA;316717
Split;Korèula;Lastovo;13a;Lastovo;13068/1;15;3;1;NA;316717
Split;Metkoviæ;Nova sela;17a;Struge;d.11866;5;3;1;NA;317195
Split;Metkoviæ;Nova sela;30a;Struge;d.14293;5;3;1;NA;317195
Split;Metkoviæ;Nova sela;44a;Borovci;d.1268/8;5;3;1;NA;317128
Split;Metkoviæ;Nova sela;55a;Borovci;d.1580/1;5;3;1;NA;317128
Split;Metkoviæ;Nova sela;75a;Vid;d.1448/1;5;3;1;NA;317209
Split;Metkoviæ;Nova sela;76a;Vid;d.1448/1;5;3;1;NA;317209
Split;Metkoviæ;Šibovnica;27a;Dobranje;d.2059/1;5;3;1;Metkoviæ;317144
Split;Metkoviæ;Šibovnica;27a;Dobranje;d.2059/1;5;3;1;Metkoviæ;317144
Split;Metkoviæ;Šibovnica;34a;Vidonje;d.1692/1;5;3;1;NA;317217
Split;Metkoviæ;Šibovnica;35a;Vidonje;d.1692/1;5;3;1;NA;317217
Split;Metkoviæ;Šibovnica;41a;Vidonje;d.1692/1;5;3;1;NA;317217
Split;Metkoviæ;Šibovnica;44b;Vidonje;d.1692/1;5;3;1;NA;317217
Split;Metkoviæ;Šibovnica;46b;Vidonje;d.2455/1;5;3;1;NA;317217
Split;Metkoviæ;Šibovnica;50a;Vidonje;d.2455/1;5;3;1;NA;317217
Split;Metkoviæ;Šibovnica;52a;Vidonje;d.2455/1;5;3;1;NA;317217
Split;Metkoviæ;Šibovnica;53b;Vidonje;d.2144/1;5;3;1;NA;317217
Split;Metkoviæ;Rujnica;4a;Plina;d.675;5;3;1;NA;312959
Split;Metkoviæ;Rujnica;5a;Plina;d.675;5;3;1;NA;312959
Split;Metkoviæ;Rujnica;26a;Desne;d.363;10;3;1;NA;317136
Split;Metkoviæ;Rujnica;27a;Desne;d.363;5;3;1;NA;317136
Split;Metkoviæ;Rujnica;28a;Desne;d.363;5;3;1;NA;317136
Split;Metkoviæ;Rujnica;41a;Desne;d.3798/1;5;3;1;NA;317136
Split;Metkoviæ;Rujnica;42a;Desne;d.3798/1;5;3;1;NA;317136
Split;Metkoviæ;Rujnica;50a;Desne;d.3798/1;5;3;1;NA;317136
Split;Metkoviæ;Rujnica;51a;Desne;d.3798/1;5;3;1;NA;317136
Split;Metkoviæ;Rujnica;52a;Desne;d.3798/1;5;3;1;NA;317136
Split;Metkoviæ;Slivno;1a;Slivno;d.3682/1;5;3;1;Metkoviæ;317187
Split;Metkoviæ;Slivno;1a;Slivno;d.3682/1;5;3;1;Metkoviæ;317187
Split;Metkoviæ;Slivno;1a;Slivno;d.3682/1;5;3;1;Metkoviæ;317187
Split;Metkoviæ;Slivno;2a;Slivno;d.3682/1;5;3;1;Metkoviæ;317187
Split;Metkoviæ;Slivno;2a;Slivno;d.3682/1;5;3;1;Metkoviæ;317187
Split;Metkoviæ;Slivno;2a;Slivno;d.3682/1;5;3;1;Metkoviæ;317187
Split;Metkoviæ;Slivno;9a;Slivno;d.5009;5;3;1;Metkoviæ;317187
Split;Metkoviæ;Slivno;9a;Slivno;d.5009;5;3;1;Metkoviæ;317187
Split;Metkoviæ;Slivno;9a;Slivno;d.5009;5;3;1;Metkoviæ;317187
Split;Metkoviæ;Slivno;10a;Slivno;d.4996/1;5;3;1;Metkoviæ;317187
Split;Metkoviæ;Slivno;10a;Slivno;d.4996/1;5;3;1;Metkoviæ;317187
Split;Metkoviæ;Slivno;10a;Slivno;d.4996/1;5;3;1;Metkoviæ;317187
Split;Metkoviæ;Slivno;14a;Slivno;d.6579/1;5;3;1;Metkoviæ;317187
Split;Metkoviæ;Slivno;14a;Slivno;d.6579/1;5;3;1;Metkoviæ;317187
Split;Metkoviæ;Slivno;14a;Slivno;d.6579/1;5;3;1;Metkoviæ;317187
Split;Metkoviæ;Slivno;15a;Slivno;d.6579/1;5;3;1;Metkoviæ;317187
Split;Metkoviæ;Slivno;15a;Slivno;d.6579/1;5;3;1;Metkoviæ;317187
Split;Metkoviæ;Slivno;15a;Slivno;d.6579/1;5;3;1;Metkoviæ;317187
Split;Metkoviæ;Slivno;52b;Slivno;d.9572/1;5;3;1;Metkoviæ;317187
Split;Metkoviæ;Slivno;52b;Slivno;d.9572/1;5;3;1;Metkoviæ;317187
Split;Metkoviæ;Slivno;52b;Slivno;d.9572/1;5;3;1;Metkoviæ;317187
Split;Metkoviæ;Slivno;62a;Slivno;d.10990/1;5;3;1;Metkoviæ;317187
Split;Metkoviæ;Slivno;62a;Slivno;d.10990/1;5;3;1;Metkoviæ;317187
Split;Metkoviæ;Slivno;62a;Slivno;d.10990/1;5;3;1;Metkoviæ;317187
Split;Metkoviæ;Slivno;75b;Slivno;d.8580/1;13.48;3;1;Metkoviæ;317187
Split;Metkoviæ;Slivno;75b;Slivno;d.8580/1;13.48;3;1;Metkoviæ;317187
Split;Metkoviæ;Slivno;75b;Slivno;d.8580/1;13.48;3;1;Metkoviæ;317187
Split;Metkoviæ;Slivno;76b;Slivno;d.8577/1;5;3;1;Metkoviæ;317187
Split;Metkoviæ;Slivno;76b;Slivno;d.8577/1;5;3;1;Metkoviæ;317187
Split;Metkoviæ;Slivno;76b;Slivno;d.8577/1;5;3;1;Metkoviæ;317187
Split;Metkoviæ;Slivno;76d;Slivno;d.8580/1;5;3;1;Metkoviæ;317187
Split;Metkoviæ;Slivno;76d;Slivno;d.8580/1;5;3;1;Metkoviæ;317187
Split;Metkoviæ;Slivno;76d;Slivno;d.8580/1;5;3;1;Metkoviæ;317187
Split;Metkoviæ;Slivno;77a;Slivno;d.8577/1;5;3;1;Metkoviæ;317187
Split;Metkoviæ;Slivno;77a;Slivno;d.8577/1;5;3;1;Metkoviæ;317187
Split;Metkoviæ;Slivno;77a;Slivno;d.8577/1;5;3;1;Metkoviæ;317187
Split;Metkoviæ;Slivno;79a;Slivno;d.7981/1;5;3;1;Metkoviæ;317187
Split;Metkoviæ;Slivno;79a;Slivno;d.7981/1;5;3;1;Metkoviæ;317187
Split;Metkoviæ;Slivno;79a;Slivno;d.7981/1;5;3;1;Metkoviæ;317187
Split;Metkoviæ;Slivno;80c;Slivno;d.6014/1;10;3;1;Metkoviæ;317187
Split;Metkoviæ;Slivno;80c;Slivno;d.6014/1;10;3;1;Metkoviæ;317187
Split;Metkoviæ;Slivno;80c;Slivno;d.6014/1;10;3;1;Metkoviæ;317187
Split;Biograd;Biograd;neureðeni dio šumarije;Biograd;3707;2.49;3;1;NA;300756
Split;Biograd;Biograd;neureðeni dio šumarije;Biograd;3705;2.49;3;1;NA;300756
Split;Biograd;Biograd;neureðeni dio šumarije;Biograd;455/1;2.49;3;1;NA;300756
Split;Biograd;Biograd;neureðeni dio šumarije;Biograd;459/10;5.52;3;1;NA;300756
Split;Biograd;Biograd;neureðeni dio šumarije;Biograd;1998/43;13;3;1;NA;300756
Split;Biograd;Biograd;neureðeni dio šumarije;Biograd;1998/5;13;3;1;NA;300756
Split;Biograd;Biograd;neureðeni dio šumarije;Biograd;1998/6;13;3;1;NA;300756
Split;Biograd;Biograd;neureðeni dio šumarije;Biograd;1998/7;13;3;1;NA;300756
Split;Biograd;Biograd;neureðeni dio šumarije;Biograd;1998/8;13;3;1;NA;300756
Split;Biograd;Biograd;neureðeni dio šumarije;Biograd;1998/9;13;3;1;NA;300756
Split;Biograd;Biograd;neureðeni dio šumarije;Biograd;1998/10;13;3;1;NA;300756
Split;Biograd;Biograd;neureðeni dio šumarije;Biograd;1998/11;13;3;1;NA;300756
Split;Biograd;Biograd;neureðeni dio šumarije;Biograd;1998/1;13;3;1;NA;300756
Split;Biograd;Biograd;neureðeni dio šumarije;Biograd;3707;7;3;1;NA;300756
Split;Biograd;Biograd;neureðeni dio šumarije;Biograd;3705;7;3;1;NA;300756
Split;Biograd;Biograd;neureðeni dio šumarije;Biograd;455/1;7;3;1;NA;300756
Split;Biograd;Turanj;38b;Turanj;3593;33.64;3;1;NA;313327
Split;Biograd;Turanj;38b;Turanj;3593;33.64;3;1;NA;300861
Split;Biograd;Turanj;38b;Turanj;1198/6;33.64;3;1;NA;313327
Split;Biograd;Turanj;38b;Turanj;1198/6;33.64;3;1;NA;300861
Split;Biograd;Turanj;40b;Sveti Filip i Jakov;2247;15.26;3;1;NA;300772
Split;Biograd;Turanj;40b;Sveti Filip i Jakov;2277;15.26;3;1;NA;300772
Split;Biograd;Turanj;40b;Sveti Filip i Jakov;2540;15.26;3;1;NA;300772
Split;Drniš;Promina;60a;Oklaj;1273/1;9.38;3;1;NA;305847
Split;Imotski;Badnjevica;38;Imotski-Glavina;702/1;18.37;4;1;NA;311863
Split;Imotski;Badnjevica;38;Imotski-Glavina;702/6;18.37;4;1;NA;311863
Split;Imotski;Badnjevica;38;Imotski-Glavina;702/7;18.37;4;1;NA;311863
Split;Imotski;Badnjevica;38;Imotski-Glavina;702/8;18.37;4;1;NA;311863
Split;Imotski;Badnjevica;38;Imotski-Glavina;702/9;18.37;4;1;NA;311863
Split;Imotski;Badnjevica;38;Imotski-Glavina;702/10;18.37;4;1;NA;311863
Split;Imotski;Badnjevica;38;Imotski-Glavina;702/11;18.37;4;1;NA;311863
Split;Imotski;Badnjevica;38;Imotski-Glavina;1760/2;18.37;4;1;NA;311863
Split;Imotski;Badnjevica;38;Imotski-Glavina;1760/3;18.37;4;1;NA;311863
Split;Imotski;Badnjevica;38;Imotski-Glavina;1735;18.37;4;1;NA;311863
Split;Imotski;Orljaèa;75;Zagvozd;d.9274/104;63.32;4;1;NA;312045
Split;Imotski;Orljaèa;75;Zagvozd;d.9275/105;63.32;4;1;NA;312045
Split;Imotski;Maglaj Kruškovnik;58;Lovreæ;1305;41.18;4;1;NA;311898
Split;Imotski;Maglaj Kruškovnik;58;Lovreæ;1331/3;41.18;4;1;NA;311898
Split;Imotski;Maglaj Kruškovnik;58;Lovreæ;2961/1;41.18;4;1;NA;311898
Split;Imotski;Maglaj Kruškovnik;58;Lovreæ;2301/1;41.18;4;1;NA;311898
Split;Šibenik;Konjièka draga;7;Vrpolje;1391;54.12;4;1;NA;330345
Split;Šibenik;Konjièka draga;7;Vrpolje;1391;54.12;4;1;NA;330345
Split;Šibenik;Konjièka draga;7;Vrpolje;1391;54.12;4;1;NA;330345
Split;Šibenik;Konjièka draga;7;Vrpolje;1391;54.12;4;1;NA;330345
Split;Šibenik;Prhovo;neureðen;Primošten;16818/1;7.94;4;1;NA;330167
Split;Šibenik;Prhovo;neureðen;Boraja;1130/1;23;4;1;NA;329894
Split;Šibenik;Jelinjak;37;Jadrtovac;2130/1;54.2;4;1;NA;330035
Split;Šibenik;Jelinjak;37;Jadrtovac;2130/2;54.2;4;1;NA;330035
Split;Šibenik;Jelinjak;38;Jadrtovac;2130/1;44.2;4;1;NA;330035
Split;Šibenik;Jelinjak;38;Jadrtovac;2130/2;44.2;4;1;NA;330035
Split;Šibenik;Jamina;24;Vrpolje;2130/4;60.94;4;1;NA;330345
Split;Šibenik;Jamina;24;Vrpolje;2130/4;60.94;4;1;NA;330345
Split;Šibenik;Jamina;24;Vrpolje;2130/4;60.94;4;1;NA;330345
Split;Šibenik;Jamina;24;Vrpolje;2130/4;60.94;4;1;NA;330345
Split;Šibenik;Jamina;25;Vrpolje;2130/4;22.08;4;1;NA;330345
Split;Šibenik;Jamina;25;Vrpolje;2130/4;22.08;4;1;NA;330345
Split;Šibenik;Jamina;25;Vrpolje;2130/4;22.08;4;1;NA;330345
Split;Šibenik;Jamina;25;Vrpolje;2130/4;22.08;4;1;NA;330345
Split;Šibenik;Èista;neureðeno;Èista;2019/3;22;4;1;NA;329932
Split;Šibenik;Trtar;27c;Lozovac;995;15.51;4;1;NA;330094
Split;Makarska;Bašæanski Gaj;17d;Bast-Baška Voda;2832;4.91;4;1;NA;316997
Split;Makarska;Bašæanski Gaj;17d;Bast-Baška Voda;2833/1;4.91;4;1;NA;316997
Split;Makarska;Bašæanski Gaj;17d;Bast-Baška Voda;2834/2;4.91;4;1;NA;316997
Split;Makarska;Bašæanski Gaj;17d;Bast-Baška Voda;2984;4.91;4;1;NA;316997
Split;Makarska;Bašæanski Gaj;17d;Bast-Baška Voda;2985;4.91;4;1;NA;316997
Split;Makarska;Bašæanski Gaj;17d;Bast-Baška Voda;d.2986/1;4.91;4;1;NA;316997
Split;Makarska;Bašæanski Gaj;20a;Bast-Baška Voda;d.2830;9.67;4;1;NA;316997
Split;Makarska;Bašæanski Gaj;20a;Bast-Baška Voda;d.2831/1;9.67;4;1;NA;316997
Split;Makarska;Bašæanski Gaj;20a;Bast-Baška Voda;6966/1;9.67;4;1;NA;316997
Split;Makarska;Bašæanski Gaj;20a;Bast-Baška Voda;6966/2;9.67;4;1;NA;316997
Split;Makarska;Bašæanski Gaj;20b;Bast-Baška Voda;d.2830;3.5;4;1;NA;316997
Split;Makarska;Bašæanski Gaj;20b;Bast-Baška Voda;d.6965/1;3.5;4;1;NA;316997
Split;Makarska;Bašæanski Gaj;20c;Bast-Baška Voda;d.2830;4.92;4;1;NA;316997
Split;Makarska;Bašæanski Gaj;20c;Bast-Baška Voda;d.6965/1;4.92;4;1;NA;316997
Split;Makarska;Bašæanski Gaj;20d;Bast-Baška Voda;d.2830;3.14;4;1;NA;316997
Split;Makarska;Bašæanski Gaj;20d;Bast-Baška Voda;d.6965/1;3.14;4;1;NA;316997
Split;Makarska;Bašæanski Gaj;21a;Bast-Baška Voda;d.5922/21;6.85;4;1;NA;316997
Split;Makarska;Bašæanski Gaj;21a;Bast-Baška Voda;d.6965/1;6.85;4;1;NA;316997
Split;Makarska;Bašæanski Gaj;21b;Bast-Baška Voda;d.5922/21;21.8;4;1;NA;316997
Split;Makarska;Bašæanski Gaj;21b;Bast-Baška Voda;d.6965/1;21.8;4;1;NA;316997
Split;Makarska;Bašæanski Gaj;dio 26b;Bast-Baška Voda;d.2830;20;4;1;NA;316997
Split;Makarska;Bašæanski Gaj;dio 26b;Bast-Baška Voda;d.5922/23;20;4;1;NA;316997
Split;Makarska;Bašæanski Gaj;dio 26b;Bast-Baška Voda;d.6965/1;20;4;1;NA;316997
Split;Makarska;Bašæanski Gaj;dio 26b;Bast-Baška Voda;d.6967/1;20;4;1;NA;316997
Split;Makarska;Drvenik Plana;25d;Drvenik;947;9.4;4;1;NA;306355
Split;Makarska;Drvenik Plana;25d;Drvenik;947;9.4;4;1;NA;317039
Split;Makarska;Drvenik Plana;25d;Drvenik;947;9.4;4;1;NA;330698
Split;Makarska;Drvenik Plana;25d;Drvenik;948;9.4;4;1;NA;306355
Split;Makarska;Drvenik Plana;25d;Drvenik;948;9.4;4;1;NA;317039
Split;Makarska;Drvenik Plana;25d;Drvenik;948;9.4;4;1;NA;330698
Split;Makarska;Drvenik Plana;25d;Drvenik;3348;9.4;4;1;NA;306355
Split;Makarska;Drvenik Plana;25d;Drvenik;3348;9.4;4;1;NA;317039
Split;Makarska;Drvenik Plana;25d;Drvenik;3348;9.4;4;1;NA;330698
Split;Makarska;Drvenik Plana;25d;Drvenik;3349;9.4;4;1;NA;306355
Split;Makarska;Drvenik Plana;25d;Drvenik;3349;9.4;4;1;NA;317039
Split;Makarska;Drvenik Plana;25d;Drvenik;3349;9.4;4;1;NA;330698
Split;Vrgorac;Matokit;56b;Dusina;d.5275/25;20.7;4;1;NA;333905
Split;Vrgorac;Matokit;56b;Vrgorac;d.5290/1;20.7;4;1;NA;333972
Split;Zadar;Nin - Kožino;81c;Diklo;d.766/51;12.42;4;1;NA;334634
Split;Zadar;Nin - Kožino;81c;Diklo;766/55;12.42;4;1;NA;334634
Split;Zadar;Nin - Kožino;81c;Diklo;766/65;12.42;4;1;NA;334634
Split;Zadar;Nin - Kožino;81c;Diklo;d.766/395;12.42;4;1;NA;334634
Split;Zadar;Nin - Kožino;81c;Diklo;d.766/396;12.42;4;1;NA;334634
Split;Zadar;Nin - Kožino;81c;Diklo;d.766/403;12.42;4;1;NA;334634
Split;Zadar;Škabrnja;neureðen;Škabrnja;193;18.56;4;1;NA;335096
Split;Zadar;Škabrnja;neureðen;Škabrnja;194;36.27;4;1;NA;335096
Split;Zadar;Škabrnja;neureðen;Škabrnja;1068/5;252.1;4;1;NA;335096
Split;Zadar;Sukošan;neureðen;Sukošan;3017/1;133.11;4;1;NA;335070
Split;Zadar;Sukošan;neureðen;Sukošan;3204/32;13.41;4;1;NA;335070
Split;Zadar;Sukošan;neureðen;Sukošan;3016/1;85.78;4;1;NA;335070
Split;Zadar;Sukošan;neureðen;Sukošan;3673/1;131.08;4;1;NA;335070
Gospiæ;Graèac;Istoèni Resnik;107a;Tomingaj;3127/2;61.88;4;1;NA;311316
Gospiæ;Graèac;Istoèni Resnik;107a;Tomingaj;d.3127/5;61.88;4;1;NA;311316
Gospiæ;Graèac;Istoèni Resnik;105a;Tomingaj;d.3127/1;46.11;4;1;NA;311316
Gospiæ;Graèac;Istoèni Resnik;105a;Tomingaj;d.3127/5;46.11;4;1;NA;311316
Senj;Krk;Obzova;NA;Batomalj;d.371/2;13.43;4;1;nije poznata KO niti odsjeci, pretpostavljen batomalj;315842
Senj;Krk;Obzova;NA;Batomalj;d.371/3;13.43;4;1;nije poznata KO niti odsjeci, pretpostavljen batomalj;315842
Vukovar;Ilok;Iloèke šume;7g;Šarengrad;2142;89.45;5;1;NA;334260
Vukovar;Ilok;Iloèke šume;7g;Šarengrad;2433;89.45;5;1;NA;334260
Vukovar;Ilok;Iloèke šume;7g;Šarengrad;2526;89.45;5;1;NA;334260
Vukovar;Ilok;Iloèke šume;7g;Šarengrad;2494;89.45;5;1;NA;334260
Vukovar;Ilok;Iloèke šume;7g;Šarengrad;2494;89.45;5;1;NA;334260
Vukovar;Ilok;Iloèke šume;7g;Šarengrad;2495;89.45;5;1;NA;334260
Vukovar;Ilok;Iloèke šume;7g;Šarengrad;2496;89.45;5;1;NA;334260
Vukovar;Ilok;Iloèke šume;7g;Šarengrad;2498;89.45;5;1;NA;334260
Vukovar;Ilok;Iloèke šume;7g;Šarengrad;2499;89.45;5;1;NA;334260
Vukovar;Ilok;Iloèke šume;7g;Šarengrad;2500;89.45;5;1;NA;334260
Vukovar;Ilok;Iloèke šume;7g;Šarengrad;2501;89.45;5;1;NA;334260
Vukovar;Ilok;Iloèke šume;7g;Šarengrad;2502;89.45;5;1;NA;334260
Vukovar;Ilok;Iloèke šume;7g;Šarengrad;2503;89.45;5;1;NA;334260
Vukovar;Ilok;Iloèke šume;7g;Šarengrad;2503;89.45;5;1;NA;334260
Vukovar;Ilok;Iloèke šume;7g;Šarengrad;2504;89.45;5;1;NA;334260
Vukovar;Ilok;Iloèke šume;7g;Šarengrad;2505;89.45;5;1;NA;334260
Vukovar;Ilok;Iloèke šume;7g;Šarengrad;2506;89.45;5;1;NA;334260
Vukovar;Ilok;Iloèke šume;7g;Šarengrad;2507;89.45;5;1;NA;334260
Vukovar;Ilok;Iloèke šume;7g;Šarengrad;2508;89.45;5;1;NA;334260
Vukovar;Ilok;Iloèke šume;7g;Šarengrad;2509;89.45;5;1;NA;334260
Vukovar;Ilok;Iloèke šume;7g;Šarengrad;2510;89.45;5;1;NA;334260
Vukovar;Ilok;Iloèke šume;7g;Šarengrad;2511;89.45;5;1;NA;334260
Vukovar;Ilok;Iloèke šume;7g;Šarengrad;2457;89.45;5;1;NA;334260
Vukovar;Ilok;Iloèke šume;7g;Šarengrad;2458;89.45;5;1;NA;334260
Vukovar;Ilok;Iloèke šume;7g;Šarengrad;2456;89.45;5;1;NA;334260
Vukovar;Ilok;Iloèke šume;7g;Šarengrad;2459;89.45;5;1;NA;334260
Vukovar;Ilok;Iloèke šume;7g;Šarengrad;2460;89.45;5;1;NA;334260
Vukovar;Ilok;Iloèke šume;7g;Šarengrad;2461;89.45;5;1;NA;334260
Vukovar;Ilok;Iloèke šume;7g;Šarengrad;2463;89.45;5;1;NA;334260
Vukovar;Ilok;Iloèke šume;7g;Šarengrad;2464;89.45;5;1;NA;334260
Vukovar;Ilok;Iloèke šume;7g;Šarengrad;2455;89.45;5;1;NA;334260
Vukovar;Ilok;Iloèke šume;7g;Šarengrad;2454;89.45;5;1;NA;334260
Vukovar;Ilok;Iloèke šume;7g;Šarengrad;2465;89.45;5;1;NA;334260
Vukovar;Ilok;Iloèke šume;7g;Šarengrad;2466;89.45;5;1;NA;334260
Vukovar;Ilok;Iloèke šume;7g;Šarengrad;2467;89.45;5;1;NA;334260
Vukovar;Ilok;Iloèke šume;7g;Šarengrad;2568;89.45;5;1;NA;334260
Vukovar;Ilok;Iloèke šume;7g;Šarengrad;2469;89.45;5;1;NA;334260
Vukovar;Ilok;Iloèke šume;7g;Šarengrad;2562/3;89.45;5;1;NA;334260
Vukovar;Ilok;Iloèke šume;7g;Šarengrad;2453;89.45;5;1;NA;334260
Vukovar;Ilok;Iloèke šume;7g;Šarengrad;2452;89.45;5;1;NA;334260
Vukovar;Ilok;Iloèke šume;7g;Šarengrad;2470;89.45;5;1;NA;334260
Vukovar;Ilok;Iloèke šume;7g;Šarengrad;2471;89.45;5;1;NA;334260
Vukovar;Ilok;Iloèke šume;7g;Šarengrad;2451;89.45;5;1;NA;334260
Vukovar;Ilok;Iloèke šume;7g;Šarengrad;2444/3;89.45;5;1;NA;334260
Vukovar;Ilok;Iloèke šume;7g;Šarengrad;2443/3;89.45;5;1;NA;334260
Vukovar;Ilok;Iloèke šume;7g;Šarengrad;2450;89.45;5;1;NA;334260
Vukovar;Ilok;Iloèke šume;7g;Šarengrad;2449/2;89.45;5;1;NA;334260
Vukovar;Ilok;Iloèke šume;7g;Šarengrad;2449/1;89.45;5;1;NA;334260
Vukovar;Ilok;Iloèke šume;7g;Šarengrad;2472;89.45;5;1;NA;334260
Vukovar;Ilok;Iloèke šume;7g;Šarengrad;2473/1;89.45;5;1;NA;334260
Vukovar;Ilok;Iloèke šume;7g;Šarengrad;2473/2;89.45;5;1;NA;334260
Vukovar;Ilok;Iloèke šume;7g;Šarengrad;2474;89.45;5;1;NA;334260
Vukovar;Ilok;Iloèke šume;7g;Šarengrad;2448;89.45;5;1;NA;334260
Vukovar;Ilok;Iloèke šume;7g;Šarengrad;2444/2;89.45;5;1;NA;334260
Vukovar;Ilok;Iloèke šume;7g;Šarengrad;2443/2;89.45;5;1;NA;334260
Vukovar;Ilok;Iloèke šume;7g;Šarengrad;2447;89.45;5;1;NA;334260
Vukovar;Ilok;Iloèke šume;7g;Šarengrad;2462/2;89.45;5;1;NA;334260
Vukovar;Ilok;Iloèke šume;7g;Šarengrad;2475;89.45;5;1;NA;334260
Vukovar;Ilok;Iloèke šume;7g;Šarengrad;2446;89.45;5;1;NA;334260
Vukovar;Ilok;Iloèke šume;7g;Šarengrad;2445/2;89.45;5;1;NA;334260
Vukovar;Ilok;Iloèke šume;7g;Šarengrad;2478;89.45;5;1;NA;334260
Vukovar;Ilok;Iloèke šume;7g;Šarengrad;2479;89.45;5;1;NA;334260
Buzet;Cres - Lošinj;Vrana;1e;Osor;d.117/1;15.89;5;1;NA;302422
Buzet;Cres - Lošinj;Vrana;1e;Osor;d.117/5;15.89;5;1;NA;302422
Buzet;Labin;Smokvica;57a;Ripenda;201/1;25.92;5;1;NA;316636
Buzet;Opatija;Liburnija;55b;Kalac;3567/91-18;44.92;5;1;NA;319899
Buzet;Pazin;Butoniga;13e;Gologorica;787/3;2.16;5;1;NA;322253
Buzet;Pazin;Butoniga;13e;Gologorica;787/4;2.16;5;1;NA;322253
Buzet;Pazin;Butoniga;13e;Gologorica;787/6;2.16;5;1;NA;322253
Buzet;Pazin;Butoniga;13e;Gologorica;787/7;2.16;5;1;NA;322253
Buzet;Pazin;Butoniga;13e;Gologorica;787/9;2.16;5;1;NA;322253
Buzet;Pazin;Butoniga;13e;Gologorica;788/1;2.16;5;1;NA;322253
Buzet;Pazin;Butoniga;13e;Gologorica;788/2;2.16;5;1;NA;322253
Buzet;Pazin;Butoniga;13e;Gologorica;792/1;2.16;5;1;NA;322253
Buzet;Pazin;Butoniga;13e;Gologorica;794/1;2.16;5;1;NA;322253
Buzet;Pazin;Butoniga;13e;Gologorica;797/2;2.16;5;1;NA;322253
Buzet;Pazin;Butoniga;13e;Gologorica;797/6;2.16;5;1;NA;322253
Buzet;Pazin;Butoniga;13e;Gologorica;799/3;2.16;5;1;NA;322253
Buzet;Pazin;Butoniga;13e;Gologorica;799/5;2.16;5;1;NA;322253
Buzet;Pazin;Butoniga;13e;Gologorica;799/6;2.16;5;1;NA;322253
Buzet;Pazin;Butoniga;13e;Gologorica;799/9;2.16;5;1;NA;322253
Buzet;Pazin;Butoniga;13e;Gologorica;799/10;2.16;5;1;NA;322253
Buzet;Pazin;Butoniga;13e;Gologorica;801/2;2.16;5;1;NA;322253
Buzet;Pazin;Butoniga;13e;Gologorica;809/2;2.16;5;1;NA;322253
Buzet;Pazin;Butoniga;13e;Gologorica;809/1;2.16;5;1;NA;322253
Buzet;Pazin;Vetva;17a;Lindar;5585/1;1.35;5;1;NA;322385
Buzet;Pazin;Vetva;17a;Lindar;5585/3;1.35;5;1;NA;322385
Buzet;Pazin;Vetva;17a;Lindar;6394;1.35;5;1;NA;322385
Buzet;Pazin;Vetva;17a;Lindar;6403/2;1.35;5;1;NA;322385
Buzet;Pazin;Vetva;17a;Lindar;6425/21;1.35;5;1;NA;322385
Buzet;Pazin;Vetva;17a;Lindar;6510/2;1.35;5;1;NA;322385
Buzet;Pazin;Vetva;17a;Lindar;6547/2;1.35;5;1;NA;322385
Buzet;Pazin;Vetva;17a;Lindar;6595;1.35;5;1;NA;322385
Buzet;Pazin;Vetva;17a;Lindar;6603;1.35;5;1;NA;322385
Buzet;Pazin;Vetva;17b;Lindar;6485/1;1.31;5;1;NA;322385
Buzet;Pazin;Vetva;28h;Graèišæe;3319/6;11.87;5;1;NA;322270
Buzet;Pazin;Vetva;28h;Graèišæe;3319/12;11.87;5;1;NA;322270
Buzet;Pazin;Vetva;28h;Graèišæe;3319/13;11.87;5;1;NA;322270
Buzet;Pazin;Vetva;28h;Graèišæe;3337/2;11.87;5;1;NA;322270
Buzet;Pazin;Vetva;28h;Graèišæe;3373/3;11.87;5;1;NA;322270
Buzet;Pazin;Vetva;28h;Graèišæe;3373/5;11.87;5;1;NA;322270
Buzet;Pazin;Vetva;28h;Graèišæe;3373/6;11.87;5;1;NA;322270
Buzet;Pazin;Vetva;28h;Graèišæe;3379/2;11.87;5;1;NA;322270
Buzet;Pazin;Vetva;28h;Graèišæe;3386/1;11.87;5;1;NA;322270
Buzet;Pazin;Vetva;28h;Graèišæe;3435/1;11.87;5;1;NA;322270
Buzet;Pazin;Vetva;28h;Graèišæe;3435/3;11.87;5;1;NA;322270
Buzet;Pazin;Vetva;28h;Graèišæe;3441/1;11.87;5;1;NA;322270
Buzet;Pazin;Vetva;28h;Graèišæe;3441/2;11.87;5;1;NA;322270
Buzet;Pazin;Vetva;28h;Graèišæe;3475;11.87;5;1;NA;322270
Buzet;Pazin;Vetva;28h;Graèišæe;3551/66;11.87;5;1;NA;322270
Buzet;Pazin;Vetva;28h;Graèišæe;3630/1;11.87;5;1;NA;322270
Buzet;Pazin;Vetva;28h;Graèišæe;3638;11.87;5;1;NA;322270
Buzet;Pazin;Vetva;28h;Graèišæe;3667/1;11.87;5;1;NA;322270
Buzet;Pazin;Vetva;28h;Graèišæe;3667/12;11.87;5;1;NA;322270
Buzet;Pazin;Vetva;28h;Graèišæe;3667/18;11.87;5;1;NA;322270
Buzet;Pazin;Vetva;28h;Graèišæe;3687;11.87;5;1;NA;322270
Buzet;Pazin;Vetva;28h;Graèišæe;3734;11.87;5;1;NA;322270
Buzet;Pazin;Vetva;28h;Graèišæe;3735;11.87;5;1;NA;322270
Buzet;Pazin;Vetva;28h;Graèišæe;3736;11.87;5;1;NA;322270
Buzet;Pazin;Vetva;28h;Graèišæe;3768/27;11.87;5;1;NA;322270
Buzet;Pazin;Vetva;28h;Graèišæe;3792;11.87;5;1;NA;322270
Buzet;Pazin;Vetva;28h;Graèišæe;3846;11.87;5;1;NA;322270
Buzet;Pazin;Vetva;28h;Graèišæe;4840/1;11.87;5;1;NA;322270
Buzet;Pazin;Vetva;28h;Graèišæe;3830/2;11.87;5;1;NA;322270
Buzet;Pazin;Vetva;28h;Graèišæe;4877/8;11.87;5;1;NA;322270
Buzet;Pazin;Vetva;28h;Graèišæe;4906/119;11.87;5;1;NA;322270
Buzet;Pazin;Vetva;28h;Graèišæe;4906/135;11.87;5;1;NA;322270
Buzet;Pazin;Vetva;28h;Graèišæe;4999/10;11.87;5;1;NA;322270
Buzet;Pazin;Vetva;28h;Graèišæe;5006/2;11.87;5;1;NA;322270
Buzet;Poreè;Dubrava;8b;Poreè;3086;1.22;5;1;NA;327662
Buzet;Poreè;Dubrava;8b;Poreè;3140/4;1.22;5;1;NA;327662
Buzet;Poreè;Dubrava;8b;Poreè;3144;1.22;5;1;NA;327662
Buzet;Poreè;Dubrava;8b;Poreè;3146;1.22;5;1;NA;327662
Buzet;Poreè;Dubrava;8b;Poreè;3150;1.22;5;1;NA;327662
Buzet;Poreè;Dubrava;12b;Vabriga;454;0.41;5;1;NA;323799
Buzet;Poreè;Dubrava;26e;Kaštelir;631/3;1.61;5;1;NA;323675
Buzet;Poreè;Dubrava;26e;Kaštelir;728/3;1.61;5;1;NA;323675
Buzet;Poreè;Dubrava;26e;Kaštelir;724/1;1.61;5;1;NA;323675
Buzet;Poreè;Dubrava;26e;Kaštelir;828/1;1.61;5;1;NA;323675
Buzet;Poreè;Dubrava;26e;Kaštelir;1466/2;1.61;5;1;NA;323675
Buzet;Poreè;Dubrava;26h;Vižinada;2043/2;0.73;5;1;NA;323829
Buzet;Poreè;Dubrava;53c;Višnjan;1786/6;0.64;5;1;NA;323802
Buzet;Poreè;Dubrava;53c;Višnjan;1900;0.64;5;1;NA;323802
Buzet;Poreè;Dubrava;57i;Sveti Ivan;1078/5;1.33;5;1;NA;323756
Buzet;Poreè;Dubrava;57i;Sveti Ivan;1081/5;1.33;5;1;NA;323756
Buzet;Poreè;Dubrava;57i;Sveti Ivan;1173/7;1.33;5;1;NA;323756
Buzet;Poreè;Dubrava;57i;Sveti Ivan;1181/5;1.33;5;1;NA;323756
Buzet;Poreè;Dubrava;63f;Žbandaj;2054/1;1.9;5;1;NA;323853
Buzet;Poreè;Dubrava;63f;Žbandaj;2354/1;1.9;5;1;NA;323853
Buzet;Poreè;Dubrava;63f;Žbandaj;2355/1;1.9;5;1;NA;323853
Buzet;Poreè;Dubrava;63f;Žbandaj;2355/2;1.9;5;1;NA;323853
Buzet;Poreè;Dubrava;63f;Žbandaj;2356/2;1.9;5;1;NA;323853
Buzet;Poreè;Dubrava;63f;Žbandaj;2356/3;1.9;5;1;NA;323853
Buzet;Poreè;Dubrava;63f;Žbandaj;2356/4;1.9;5;1;NA;323853
Buzet;Poreè;Dubrava;63f;Žbandaj;2357/1;1.9;5;1;NA;323853
Buzet;Poreè;Dubrava;63f;Žbandaj;2359;1.9;5;1;NA;323853
Buzet;Poreè;Dubrava;63f;Žbandaj;2395;1.9;5;1;NA;323853
Buzet;Poreè;Dubrava;63f;Žbandaj;2396;1.9;5;1;NA;323853
Buzet;Poreè;Dubrava;63f;Žbandaj;2397;1.9;5;1;NA;323853
Buzet;Poreè;Dubrava;63f;Žbandaj;2398/1;1.9;5;1;NA;323853
Buzet;Poreè;Dubrava;63f;Žbandaj;2398/2;1.9;5;1;NA;323853
Buzet;Poreè;Dubrava;63f;Žbandaj;2404;1.9;5;1;NA;323853
Buzet;Pula;Proština;62b;Galižana;334/1;10;5;1;NA;323853
Buzet;Rovinj;Rovinj;112h;Rovinj;2710/3;2.36;5;1;NA;324914
Buzet;Rovinj;Rovinj;112h;Rovinj;2730/7;2.36;5;1;NA;324914
Buzet;Buje;Oprtalj;81f;Momjan;1133/3;0.05;5;1;NA;301914
Buzet;Buje;Oprtalj;81f;Momjan;1133/5;0.05;5;1;NA;301914
Buzet;Buje;Oprtalj;81f;Momjan;1136;0.02;5;1;NA;301914
Buzet;Buje;Oprtalj;81f;Momjan;1138/1;0.09;5;1;NA;301914
Buzet;Buje;Oprtalj;81f;Momjan;1138/5;0.1;5;1;NA;301914
Buzet;Buje;Oprtalj;81f;Momjan;1139/1;0.007;5;1;NA;301914
Buzet;Buje;Oprtalj;81f;Momjan;1140;0.25;5;1;NA;301914
Buzet;Buje;Oprtalj;81f;Momjan;1141/1;0.43;5;1;NA;301914
Buzet;Buje;Oprtalj;81f;Momjan;1141/2;0.11;5;1;NA;301914
Buzet;Buje;Oprtalj;81f;Momjan;1143/1;0.16;5;1;NA;301914
Buzet;Buje;Oprtalj;81f;Momjan;1611/2;0.36;5;1;NA;301914
Buzet;Buje;Oprtalj;81f;Momjan;1616/1;1.02;5;1;NA;301914
Buzet;Buje;Oprtalj;92I;Grožnjan;1499/1;0.31;6;1;NA;301825
Buzet;Buje;Oprtalj;92I;Grožnjan;1516;0.05;6;1;NA;301825
Buzet;Buje;Oprtalj;92I;Grožnjan;1518;0.25;6;1;NA;301825
Buzet;Buje;Oprtalj;92I;Grožnjan;1519/1;0.24;6;1;NA;301825
Buzet;Buje;Oprtalj;92I;Grožnjan;1521/1;0.11;6;1;NA;301825
Buzet;Buje;Oprtalj;92I;Grožnjan;1540/1;0.33;6;1;NA;301825
Buzet;Buje;Oprtalj;92I;Grožnjan;1553/1;0.04;6;1;NA;301825
Buzet;Buje;Oprtalj;92I;Grožnjan;1554/2;0.2;6;1;NA;301825
Buzet;Buje;Oprtalj;92I;Grožnjan;1555;0.23;6;1;NA;301825
Buzet;Buje;Oprtalj;92I;Grožnjan;1601;0.23;6;1;NA;301825
Buzet;Buje;Oprtalj;92I;Grožnjan;1609;0.01;6;1;NA;301825
Buzet;Buje;Oprtalj;92I;Grožnjan;1612;0.06;6;1;NA;301825
Buzet;Buje;Oprtalj;92I;Grožnjan;1616/2;0.48;6;1;NA;301825
Buzet;Buje;Oprtalj;92I;Grožnjan;1626;0.03;6;1;NA;301825
Buzet;Buje;Oprtalj;92I;Grožnjan;1629;0.13;6;1;NA;301825
Buzet;Buje;Oprtalj;92I;Grožnjan;1630;0.01;6;1;NA;301825
Buzet;Buje;Oprtalj;92I;Grožnjan;1633;0.11;6;1;NA;301825
Buzet;Buje;Oprtalj;92I;Grožnjan;1634;0.15;6;1;NA;301825
Buzet;Buje;Oprtalj;92I;Grožnjan;1640;0.52;6;1;NA;301825
Buzet;Buje;Oprtalj;92I;Grožnjan;1642;0.16;6;1;NA;301825
Buzet;Buje;Oprtalj;92I;Grožnjan;1677/1;0.71;6;1;NA;301825
Buzet;Buje;Oprtalj;92I;Grožnjan;1677/3;0.42;6;1;NA;301825
Buzet;Buje;Oprtalj;92I;Grožnjan;1677/4;0.06;6;1;NA;301825
Buzet;Buje;Oprtalj;92I;Grožnjan;1677/5;0.27;6;1;NA;301825
Buzet;Buje;Oprtalj;92I;Grožnjan;1724;8.07;6;1;NA;301825
Buzet;Buzet;Kras;30b;Gradinje;1734/122;0.35;6;1;NA;322288
Buzet;Buzet;Kras;30b;Gradinje;1734/123;0.35;6;1;NA;322288
Buzet;Buzet;Kras;30b;Gradinje;1734/131;0.35;6;1;NA;322288
Buzet;Buzet;Kras;30b;Gradinje;1734/132;0.35;6;1;NA;322288
Buzet;Buzet;Kras;30c;Gradinje;988/56;25.31;6;1;NA;322288
Buzet;Buzet;Kras;30c;Gradinje;988/57;25.31;6;1;NA;322288
Buzet;Buzet;Kras;30c;Gradinje;988/59;25.31;6;1;NA;322288
Buzet;Buzet;Kras;30c;Gradinje;988/73;25.31;6;1;NA;322288
Buzet;Buzet;Kras;30c;Gradinje;988/127;25.31;6;1;NA;322288
Buzet;Buzet;Kras;30c;Gradinje;1643/4;25.31;6;1;NA;322288
Buzet;Buzet;Kras;30c;Gradinje;1645/5;25.31;6;1;NA;322288
Buzet;Buzet;Kras;30c;Gradinje;1655/2;25.31;6;1;NA;322288
Buzet;Buzet;Kras;30c;Gradinje;1658/1;25.31;6;1;NA;322288
Buzet;Buzet;Kras;30c;Gradinje;1658/2;25.31;6;1;NA;322288
Buzet;Buzet;Kras;30c;Gradinje;1658/3;25.31;6;1;NA;322288
Buzet;Buzet;Kras;30c;Gradinje;1659/1;25.31;6;1;NA;322288
Buzet;Buzet;Kras;30c;Gradinje;1659/4;25.31;6;1;NA;322288
Buzet;Buzet;Kras;30c;Gradinje;1693/1;25.31;6;1;NA;322288
Buzet;Buzet;Kras;30c;Gradinje;1693/3;25.31;6;1;NA;322288
Buzet;Buzet;Kras;30c;Gradinje;1693/4;25.31;6;1;NA;322288
Buzet;Buzet;Kras;30c;Gradinje;1693/8;25.31;6;1;NA;322288
Buzet;Buzet;Kras;30c;Gradinje;1694/4;25.31;6;1;NA;322288
Buzet;Buzet;Kras;30c;Gradinje;1694/8;25.31;6;1;NA;322288
Buzet;Buzet;Kras;30c;Gradinje;1694/9;25.31;6;1;NA;322288
Buzet;Buzet;Kras;30c;Gradinje;1694/10;25.31;6;1;NA;322288
Buzet;Buzet;Kras;30c;Gradinje;1694/16;25.31;6;1;NA;322288
Buzet;Buzet;Kras;30c;Gradinje;1694/17;25.31;6;1;NA;322288
Buzet;Buzet;Kras;30c;Gradinje;1713/1;25.31;6;1;NA;322288
Buzet;Buzet;Kras;30c;Gradinje;1713/3;25.31;6;1;NA;322288
Buzet;Buzet;Kras;30c;Gradinje;1715/1;25.31;6;1;NA;322288
Buzet;Buzet;Kras;30c;Gradinje;17191;25.31;6;1;NA;322288
Buzet;Buzet;Kras;30c;Gradinje;1734/93;25.31;6;1;NA;322288
Buzet;Buzet;Kras;30c;Gradinje;1734/95;25.31;6;1;NA;322288
Buzet;Buzet;Kras;30c;Gradinje;1734/96;25.31;6;1;NA;322288
Buzet;Buzet;Kras;30c;Gradinje;1734/103;25.31;6;1;NA;322288
Buzet;Buzet;Kras;30c;Gradinje;1734/110;25.31;6;1;NA;322288
Buzet;Buzet;Kras;30c;Gradinje;1734/118;25.31;6;1;NA;322288
Buzet;Buzet;Kras;30c;Gradinje;1734/119;25.31;6;1;NA;322288
Buzet;Buzet;Kras;30c;Gradinje;1734/120;25.31;6;1;NA;322288
Buzet;Buzet;Kras;30c;Gradinje;1734/121;25.31;6;1;NA;322288
Buzet;Buzet;Kras;30c;Gradinje;1734/126;25.31;6;1;NA;322288
Buzet;Buzet;Kras;30c;Gradinje;1734/127;25.31;6;1;NA;322288
Buzet;Buzet;Kras;30c;Gradinje;1734/129;25.31;6;1;NA;322288
Buzet;Buzet;Kras;30e;Gradinje;1734/76;2.07;6;1;NA;322288
Buzet;Buzet;Kras;30e;Gradinje;1734/77;2.07;6;1;NA;322288
Buzet;Buzet;Kras;30e;Gradinje;1734/90;2.07;6;1;NA;322288
Buzet;Buzet;Kras;30e;Gradinje;1734/111;2.07;6;1;NA;322288
Buzet;Buzet;Kras;30e;Gradinje;1734/112;2.07;6;1;NA;322288
Buzet;Buzet;Kras;30e;Gradinje;1740/1;2.07;6;1;NA;322288
Buzet;Buzet;Kras;30e;Gradinje;1740/2;2.07;6;1;NA;322288
Buzet;Buzet;Kras;30e;Gradinje;1740/3;2.07;6;1;NA;322288
Buzet;Buzet;Kras;30e;Gradinje;1740/10;2.07;6;1;NA;322288
Buzet;Buzet;Kras;30e;Gradinje;1740;2.07;6;1;NA;322288
Buzet;Buzet;Kras;30e;Gradinje;1740/11;2.07;6;1;NA;322288
Buzet;Buzet;Kras;30e;Gradinje;1760;2.07;6;1;NA;322288
Buzet;Buzet;Kras;30e;Gradinje;1761/1;2.07;6;1;NA;322288
Buzet;Buzet;Kras;30e;Gradinje;1761/2;2.07;6;1;NA;322288
Buzet;Buzet;Kras;30e;Gradinje;1766/2;2.07;6;1;NA;322288
Buzet;Buzet;Kras;30e;Gradinje;4330/1;2.07;6;1;NA;322288
Buzet;Buzet;Kras;30f;Gradinje;1734/17;16.47;6;1;NA;322288
Buzet;Buzet;Kras;30f;Gradinje;1734/18;16.47;6;1;NA;322288
Buzet;Buzet;Kras;30f;Gradinje;1734/19;16.47;6;1;NA;322288
Buzet;Buzet;Kras;30f;Gradinje;1734/20;16.47;6;1;NA;322288
Buzet;Buzet;Kras;30f;Gradinje;1734/21;16.47;6;1;NA;322288
Buzet;Buzet;Kras;30f;Gradinje;1734/22;16.47;6;1;NA;322288
Buzet;Buzet;Kras;30f;Gradinje;1734/23;16.47;6;1;NA;322288
Buzet;Buzet;Kras;30f;Gradinje;1734/24;16.47;6;1;NA;322288
Buzet;Buzet;Kras;30f;Gradinje;1734/25;16.47;6;1;NA;322288
Buzet;Buzet;Kras;30f;Gradinje;1734/26;16.47;6;1;NA;322288
Buzet;Buzet;Kras;30f;Gradinje;1734/117;16.47;6;1;NA;322288
Buzet;Buzet;Kras;30f;Gradinje;1746/1;16.47;6;1;NA;322288
Buzet;Buzet;Kras;30f;Gradinje;1746/2;16.47;6;1;NA;322288
Buzet;Buzet;Kras;30g;Gradinje;4317/6;1.93;6;1;NA;322288
Buzet;Buzet;Kras;30g;Gradinje;4337/2;1.93;6;1;NA;322288
Buzet;Buzet;Kras;30g;Gradinje;4337;1.93;6;1;NA;322288
Buzet;Buzet;Kras;30g;Gradinje;4365/2;1.93;6;1;NA;322288
Buzet;Buzet;Kras;30g;Gradinje;4367;1.93;6;1;NA;322288
Buzet;Buzet;Kras;30g;Gradinje;4389/11;1.93;6;1;NA;322288
Buzet;Buzet;Kras;30g;Gradinje;4389/13;1.93;6;1;NA;322288
Buzet;Buzet;Kras;32e;Gradinje;267;11.17;6;1;NA;322288
Buzet;Buzet;Kras;32e;Gradinje;287;11.17;6;1;NA;322288
Buzet;Buzet;Kras;32e;Gradinje;288/3;11.17;6;1;NA;322288
Buzet;Buzet;Kras;32e;Gradinje;294/1;11.17;6;1;NA;322288
Buzet;Buzet;Kras;32e;Gradinje;294/10;11.17;6;1;NA;322288
Buzet;Buzet;Kras;32e;Gradinje;329/7;11.17;6;1;NA;322288
Buzet;Buzet;Kras;32e;Gradinje;329/8;11.17;6;1;NA;322288
Buzet;Buzet;Kras;32e;Gradinje;330/2;11.17;6;1;NA;322288
Buzet;Buzet;Kras;32e;Gradinje;337;11.17;6;1;NA;322288
Buzet;Buzet;Kras;32e;Gradinje;339;11.17;6;1;NA;322288
Buzet;Buzet;Kras;32e;Gradinje;344/2;11.17;6;1;NA;322288
Buzet;Buzet;Kras;32e;Gradinje;350;11.17;6;1;NA;322288
Buzet;Buzet;Kras;32e;Gradinje;351;11.17;6;1;NA;322288
Buzet;Buzet;Kras;32e;Gradinje;356/1;11.17;6;1;NA;322288
Buzet;Buzet;Kras;32e;Gradinje;359;11.17;6;1;NA;322288
Buzet;Buzet;Kras;32e;Gradinje;400/1;11.17;6;1;NA;322288
Buzet;Buzet;Kras;32e;Gradinje;402/13;11.17;6;1;NA;322288
Buzet;Buzet;Kras;32e;Gradinje;402/16;11.17;6;1;NA;322288
Buzet;Buzet;Kras;32e;Gradinje;431/4;11.17;6;1;NA;322288
Buzet;Buzet;Kras;32e;Gradinje;445/7;11.17;6;1;NA;322288
Buzet;Buzet;Kras;32e;Gradinje;445;11.17;6;1;NA;322288
Buzet;Buzet;Kras;32e;Gradinje;452/3;11.17;6;1;NA;322288
Buzet;Buzet;Kras;32e;Gradinje;487/3;11.17;6;1;NA;322288
Buzet;Buzet;Kras;32e;Gradinje;529/1;11.17;6;1;NA;322288
Buzet;Buzet;Kras;32e;Gradinje;530/2;11.17;6;1;NA;322288
Buzet;Buzet;Kras;32e;Gradinje;555/3;11.17;6;1;NA;322288
Buzet;Buzet;Kras;32e;Gradinje;559;11.17;6;1;NA;322288
Buzet;Buzet;Kras;32e;Gradinje;560;11.17;6;1;NA;322288
Buzet;Buzet;Kras;32e;Gradinje;561/1;11.17;6;1;NA;322288
Buzet;Buzet;Kras;32e;Gradinje;561/2;11.17;6;1;NA;322288
Buzet;Buzet;Kras;32e;Gradinje;567/3;11.17;6;1;NA;322288
Buzet;Buzet;Kras;32e;Gradinje;567/4;11.17;6;1;NA;322288
Buzet;Buzet;Kras;32e;Gradinje;568/2;11.17;6;1;NA;322288
Buzet;Buzet;Kras;32e;Gradinje;571/1;11.17;6;1;NA;322288
Buzet;Buzet;Kras;32e;Gradinje;586;11.17;6;1;NA;322288
Buzet;Buzet;Kras;32e;Gradinje;608;11.17;6;1;NA;322288
Buzet;Buzet;Kras;32e;Gradinje;617/1;11.17;6;1;NA;322288
Buzet;Buzet;Kras;32e;Gradinje;628;11.17;6;1;NA;322288
Buzet;Buzet;Kras;32e;Gradinje;629;11.17;6;1;NA;322288
Buzet;Buzet;Kras;32e;Gradinje;634;11.17;6;1;NA;322288
Buzet;Buzet;Kras;32e;Gradinje;636/2;11.17;6;1;NA;322288
Buzet;Buzet;Kras;32e;Gradinje;643/2;11.17;6;1;NA;322288
Buzet;Buzet;Kras;32e;Gradinje;644/1;11.17;6;1;NA;322288
Buzet;Buzet;Kras;32e;Gradinje;644/2;11.17;6;1;NA;322288
Buzet;Buzet;Kras;32e;Gradinje;652/2;11.17;6;1;NA;322288
Buzet;Buzet;Kras;32e;Gradinje;662/3;11.17;6;1;NA;322288
Buzet;Buzet;Kras;32e;Gradinje;685;11.17;6;1;NA;322288
Buzet;Buzet;Kras;32e;Gradinje;686;11.17;6;1;NA;322288
Buzet;Buzet;Kras;32e;Gradinje;698/3;11.17;6;1;NA;322288
Buzet;Buzet;Kras;32e;Gradinje;698/4;11.17;6;1;NA;322288
Buzet;Buzet;Kras;32e;Gradinje;7314/1;11.17;6;1;NA;322288
Buzet;Buzet;Kras;32e;Gradinje;7321;11.17;6;1;NA;322288
Buzet;Buzet;Kras;32e;Gradinje;7394;11.17;6;1;NA;322288
Buzet;Buzet;Kras;32e;Gradinje;7395;11.17;6;1;NA;322288
Buzet;Buzet;Kras;32e;Gradinje;7444;11.17;6;1;NA;322288
Buzet;Buzet;Kras;32e;Gradinje;7447;11.17;6;1;NA;322288
Buzet;Buzet;Kras;32e;Gradinje;448;11.17;6;1;NA;322288
Buzet;Buzet;Kras;32e;Gradinje;7457/1;11.17;6;1;NA;322288
Buzet;Buzet;Kras;32e;Gradinje;7457/2;11.17;6;1;NA;322288
Buzet;Buzet;Kras;32e;Gradinje;7357/3;11.17;6;1;NA;322288
Buzet;Buzet;Kras;32e;Gradinje;7465;11.17;6;1;NA;322288
Buzet;Buzet;Kras;32e;Gradinje;7469;11.17;6;1;NA;322288
Buzet;Buzet;Kras;32e;Gradinje;7506;11.17;6;1;NA;322288
Buzet;Buzet;Kras;32e;Gradinje;758/2;11.17;6;1;NA;322288
Buzet;Buzet;Kras;32e;Gradinje;5040/2;11.17;6;1;NA;322288
Buzet;Buzet;Kras;32e;Gradinje;8042/14;11.17;6;1;NA;322288
Buzet;Buzet;Kras;32e;Gradinje;8047/3;11.17;6;1;NA;322288
Buzet;Buzet;Kras;32e;Gradinje;8047/4;11.17;6;1;NA;322288
Buzet;Buzet;Kras;32e;Gradinje;8124/1;11.17;6;1;NA;322288
Buzet;Buzet;Kras;32e;Gradinje;8128/3;11.17;6;1;NA;322288
Buzet;Buzet;Kras;32e;Gradinje;8238;11.17;6;1;NA;322288
Buzet;Buzet;Kras;32e;Gradinje;8257/2;11.17;6;1;NA;322288
Buzet;Buzet;Kras;32e;Gradinje;8294;11.17;6;1;NA;322288
Buzet;Buzet;Kras;32e;Gradinje;8309;11.17;6;1;NA;322288
Buzet;Buzet;Kras;32e;Gradinje;8311/4;11.17;6;1;NA;322288
Buzet;Buzet;Kras;32e;Gradinje;8316;11.17;6;1;NA;322288
Buzet;Buzet;Kras;32e;Gradinje;8336;11.17;6;1;NA;322288
Buzet;Buzet;Kras;32e;Gradinje;8345/6;11.17;6;1;NA;322288
Buzet;Buzet;Kras;32e;Gradinje;8541/1;11.17;6;1;NA;322288
Buzet;Buzet;Kras;32e;Gradinje;8643/4;11.17;6;1;NA;322288
Buzet;Buzet;Kras;32e;Gradinje;8736/1;11.17;6;1;NA;322288
Buzet;Buzet;Kras;32e;Gradinje;8736/3;11.17;6;1;NA;322288
Buzet;Buzet;Kras;32e;Gradinje;8878/1;11.17;6;1;NA;322288
Buzet;Buzet;Kras;32e;Gradinje;8895/1;11.17;6;1;NA;322288
Buzet;Buzet;Kras;32e;Gradinje;8944;11.17;6;1;NA;322288
Buzet;Buzet;Kras;32e;Gradinje;9006;11.17;6;1;NA;322288
Buzet;Buzet;Kras;32e;Gradinje;9009;11.17;6;1;NA;322288
Buzet;Buzet;Kras;32e;Gradinje;9010/2;11.17;6;1;NA;322288
Buzet;Buzet;Kras;32e;Gradinje;9010/3;11.17;6;1;NA;322288
Buzet;Buzet;Kras;32e;Gradinje;9019;11.17;6;1;NA;322288
Buzet;Buzet;Kras;32e;Gradinje;9039;11.17;6;1;NA;322288
Buzet;Buzet;Kras;32e;Gradinje;9141;11.17;6;1;NA;322288
Buzet;Buzet;Kras;32e;Gradinje;9173/1;11.17;6;1;NA;322288
Buzet;Buzet;Kras;32e;Gradinje;9173/3;11.17;6;1;NA;322288
Buzet;Buzet;Kras;32e;Gradinje;9173/6;11.17;6;1;NA;322288
Buzet;Buzet;Kras;32e;Gradinje;9325/1;11.17;6;1;NA;322288
Buzet;Buzet;Kras;32e;Gradinje;9325/3;11.17;6;1;NA;322288
Buzet;Buzet;Kras;32e;Gradinje;9327/1;11.17;6;1;NA;322288
Buzet;Buzet;Kras;32e;Gradinje;9225/1;11.17;6;1;NA;322288
Buzet;Buzet;Kras;32e;Gradinje;9330/3;11.17;6;1;NA;322288
Buzet;Buzet;Kras;32e;Gradinje;9343/2;11.17;6;1;NA;322288
Buzet;Buzet;Kras;32e;Gradinje;9357/2;11.17;6;1;NA;322288
Buzet;Buzet;Kras;32e;Gradinje;9388/3;11.17;6;1;NA;322288
Buzet;Buzet;Kras;32e;Gradinje;9388/4;11.17;6;1;NA;322288
Buzet;Buzet;Kras;32e;Gradinje;9476/4;11.17;6;1;NA;322288
Buzet;Buzet;Kras;32e;Gradinje;9490;11.17;6;1;NA;322288
Buzet;Buzet;Kras;32e;Gradinje;9496/1;11.17;6;1;NA;322288
Buzet;Buzet;Kras;32e;Gradinje;9507/3;11.17;6;1;NA;322288
Buzet;Buzet;Kras;32e;Gradinje;9519;11.17;6;1;NA;322288
Buzet;Buzet;Kras;32e;Gradinje;3525;11.17;6;1;NA;322288
Buzet;Buzet;Kras;32e;Gradinje;3592;11.17;6;1;NA;322288
Buzet;Buzet;Kras;32e;Gradinje;9689/1;11.17;6;1;NA;322288
Buzet;Buzet;Kras;32e;Gradinje;9689/1;11.17;6;1;NA;322288
Buzet;Buzet;Kras;32e;Gradinje;9689/2;11.17;6;1;NA;322288
Buzet;Buzet;Kras;32e;Gradinje;9689/3;11.17;6;1;NA;322288
Buzet;Buzet;Kras;32e;Gradinje;9650/1;11.17;6;1;NA;322288
Buzet;Buzet;Kras;32i;Gradinje;7798/9;0.97;7;1;NA;322288
Buzet;Buzet;Kras;32i;Gradinje;7798/10;0.97;7;1;NA;322288
Buzet;Buzet;Kras;32i;Gradinje;7811;0.97;7;1;NA;322288
Buzet;Buzet;Kras;32i;Gradinje;7813/2;0.97;7;1;NA;322288
Buzet;Buzet;Kras;32i;Gradinje;7813/6;0.97;7;1;NA;322288
Buzet;Buzet;Kras;32i;Gradinje;7813/7;0.97;7;1;NA;322288
Buzet;Buzet;Kras;32i;Gradinje;7813/81;0.97;7;1;NA;322288
Buzet;Buzet;Kras;32i;Gradinje;7950/4;0.97;7;1;NA;322288
Buzet;Buzet;Kras;33e;Gradinje;30;6.72;7;1;NA;322288
Buzet;Buzet;Kras;33e;Gradinje;32/2;6.72;7;1;NA;322288
Buzet;Buzet;Kras;33e;Gradinje;34/1;6.72;7;1;NA;322288
Buzet;Buzet;Kras;33e;Gradinje;34/2;6.72;7;1;NA;322288
Buzet;Buzet;Kras;33e;Gradinje;36/2;6.72;7;1;NA;322288
Buzet;Buzet;Kras;33e;Gradinje;36/3;6.72;7;1;NA;322288
Buzet;Buzet;Kras;33e;Gradinje;51/1;6.72;7;1;NA;322288
Buzet;Buzet;Kras;33e;Gradinje;51/2;6.72;7;1;NA;322288
Buzet;Buzet;Kras;33e;Gradinje;110;6.72;7;1;NA;322288
Buzet;Buzet;Kras;33e;Gradinje;111/1;6.72;7;1;NA;322288
Buzet;Buzet;Kras;33e;Gradinje;111/2;6.72;7;1;NA;322288
Buzet;Buzet;Kras;33e;Gradinje;112/1;6.72;7;1;NA;322288
Buzet;Buzet;Kras;33e;Gradinje;204/7;6.72;7;1;NA;322288
Buzet;Buzet;Kras;33e;Gradinje;217/1;6.72;7;1;NA;322288
Buzet;Buzet;Kras;33e;Gradinje;230;6.72;7;1;NA;322288
Buzet;Buzet;Kras;33e;Gradinje;272/1;6.72;7;1;NA;322288
Buzet;Buzet;Kras;33e;Gradinje;274;6.72;7;1;NA;322288
Buzet;Buzet;Kras;33e;Gradinje;275/5;6.72;7;1;NA;322288
Buzet;Buzet;Kras;33e;Gradinje;275/6;6.72;7;1;NA;322288
Buzet;Buzet;Kras;33e;Gradinje;321/6;6.72;7;1;NA;322288
Buzet;Buzet;Kras;33e;Gradinje;321/7;6.72;7;1;NA;322288
Buzet;Buzet;Kras;33e;Gradinje;322/2;6.72;7;1;NA;322288
Buzet;Buzet;Kras;33e;Gradinje;355/2;6.72;7;1;NA;322288
Buzet;Buzet;Kras;33e;Gradinje;376;6.72;7;1;NA;322288
Buzet;Buzet;Kras;33e;Gradinje;377;6.72;7;1;NA;322288
Buzet;Buzet;Kras;33e;Gradinje;385/2;6.72;7;1;NA;322288
Buzet;Buzet;Kras;33e;Gradinje;394;6.72;7;1;NA;322288
Buzet;Buzet;Kras;33e;Gradinje;395;6.72;7;1;NA;322288
Buzet;Buzet;Kras;33e;Gradinje;397/1;6.72;7;1;NA;322288
Buzet;Buzet;Kras;33e;Gradinje;719/22;6.72;7;1;NA;322288
Buzet;Buzet;Kras;33e;Gradinje;720/1;6.72;7;1;NA;322288
Buzet;Buzet;Kras;33e;Gradinje;720/3;6.72;7;1;NA;322288
Buzet;Buzet;Kras;33e;Gradinje;720/6;6.72;7;1;NA;322288
Buzet;Buzet;Kras;33e;Gradinje;720/9;6.72;7;1;NA;322288
Buzet;Buzet;Kras;33e;Gradinje;721/1;6.72;7;1;NA;322288
Buzet;Buzet;Kras;33e;Gradinje;724/5;6.72;7;1;NA;322288
Buzet;Buzet;Kras;33e;Gradinje;724/10;6.72;7;1;NA;322288
Buzet;Buzet;Kras;33e;Gradinje;724/14;6.72;7;1;NA;322288
Buzet;Buzet;Kras;33e;Gradinje;724/25;6.72;7;1;NA;322288
Buzet;Buzet;Kras;33e;Gradinje;728/6;6.72;7;1;NA;322288
Buzet;Buzet;Kras;33e;Gradinje;874/3;6.72;7;1;NA;322288
Buzet;Buzet;Kras;34d;Sovinjak;136;13.29;7;1;NA;302228
Buzet;Buzet;Kras;34d;Sovinjak;144;13.29;7;1;NA;302228
Buzet;Buzet;Kras;34d;Sovinjak;148;13.29;7;1;NA;302228
Buzet;Buzet;Kras;34d;Sovinjak;152;13.29;7;1;NA;302228
Buzet;Buzet;Kras;34d;Sovinjak;236;13.29;7;1;NA;302228
Buzet;Buzet;Kras;34d;Sovinjak;268;13.29;7;1;NA;302228
Buzet;Buzet;Kras;34d;Sovinjak;274;13.29;7;1;NA;302228
Buzet;Buzet;Kras;34d;Sovinjak;286;13.29;7;1;NA;302228
Buzet;Buzet;Kras;34d;Sovinjak;296;13.29;7;1;NA;302228
Buzet;Buzet;Kras;34d;Sovinjak;298;13.29;7;1;NA;302228
Buzet;Buzet;Kras;34d;Sovinjak;302;13.29;7;1;NA;302228
Buzet;Buzet;Kras;34d;Sovinjak;304;13.29;7;1;NA;302228
Buzet;Buzet;Kras;34d;Sovinjak;334;13.29;7;1;NA;302228
Buzet;Buzet;Kras;34d;Sovinjak;446;13.29;7;1;NA;302228
Buzet;Buzet;Kras;34d;Sovinjak;511;13.29;7;1;NA;302228
Buzet;Buzet;Kras;34d;Sovinjak;656;13.29;7;1;NA;302228
Buzet;Buzet;Kras;34d;Sovinjak;657;13.29;7;1;NA;302228
Buzet;Buzet;Kras;34d;Sovinjak;726;13.29;7;1;NA;302228
Buzet;Buzet;Kras;34d;Sovinjak;834;13.29;7;1;NA;302228
Buzet;Buzet;Kras;34d;Sovinjak;1383/1;13.29;7;1;NA;302228
Buzet;Buzet;Kras;34d;Sovinjak;1667;13.29;7;1;NA;302228
Buzet;Buzet;Kras;34d;Sovinjak;1668/2;13.29;7;1;NA;302228
Buzet;Buzet;Kras;34d;Sovinjak;1669/2;13.29;7;1;NA;302228
Buzet;Buzet;Kras;34d;Sovinjak;2051;13.29;7;1;NA;302228
Buzet;Buzet;Kras;34d;Sovinjak;2084;13.29;7;1;NA;302228
Buzet;Buzet;Kras;34d;Sovinjak;4883;13.29;7;1;NA;302228
Buzet;Buzet;Kras;34d;Sovinjak;4886;13.29;7;1;NA;302228
Buzet;Buzet;Kras;34d;Sovinjak;4888;13.29;7;1;NA;302228
Buzet;Buzet;Kras;34d;Sovinjak;4889;13.29;7;1;NA;302228
Buzet;Buzet;Kras;34d;Sovinjak;4892;13.29;7;1;NA;302228
Buzet;Buzet;Kras;34d;Sovinjak;4896;13.29;7;1;NA;302228
Buzet;Buzet;Kras;34d;Sovinjak;4901;13.29;7;1;NA;302228
Buzet;Buzet;Kras;34d;Sovinjak;4902;13.29;7;1;NA;302228
Buzet;Buzet;Kras;34d;Sovinjak;4904;13.29;7;1;NA;302228
Buzet;Buzet;Kras;34d;Sovinjak;5007;13.29;7;1;NA;302228
Buzet;Buzet;Kras;34d;Sovinjak;5173;13.29;7;1;NA;302228
Buzet;Buzet;Kras;34d;Sovinjak;5174;13.29;7;1;NA;302228
Buzet;Buzet;Kras;34d;Sovinjak;5175;13.29;7;1;NA;302228
Buzet;Buzet;Kras;34d;Sovinjak;5215;13.29;7;1;NA;302228
Buzet;Buzet;Kras;34d;Sovinjak;5216;13.29;7;1;NA;302228
Buzet;Buzet;Kras;34d;Sovinjak;5322;13.29;7;1;NA;302228
Buzet;Buzet;Kras;34d;Sovinjak;5325;13.29;7;1;NA;302228
Buzet;Buzet;Kras;34d;Sovinjak;5331;13.29;7;1;NA;302228
Buzet;Buzet;Kras;34d;Sovinjak;5412;13.29;7;1;NA;302228
Buzet;Buzet;Kras;34d;Sovinjak;5414;13.29;7;1;NA;302228
Buzet;Buzet;Kras;34d;Sovinjak;5415;13.29;7;1;NA;302228
Buzet;Buzet;Kras;34d;Sovinjak;6196;13.29;7;1;NA;302228
Buzet;Buzet;Kras;34d;Sovinjak;9294;13.29;7;1;NA;302228
Buzet;Buzet;Kras;34d;Sovinjak;6334;13.29;7;1;NA;302228
Buzet;Buzet;Kras;34d;Sovinjak;6342;13.29;7;1;NA;302228
Buzet;Buzet;Kras;34d;Sovinjak;6378;13.29;7;1;NA;302228
Buzet;Buzet;Kras;34d;Sovinjak;6465;13.29;7;1;NA;302228
Buzet;Buzet;Kras;34d;Sovinjak;6530;13.29;7;1;NA;302228
Buzet;Buzet;Kras;34d;Sovinjak;6550;13.29;7;1;NA;302228
Buzet;Buzet;Kras;34d;Sovinjak;6551;13.29;7;1;NA;302228
Buzet;Buzet;Kras;34d;Sovinjak;6552;13.29;7;1;NA;302228
Buzet;Buzet;Kras;34d;Sovinjak;6553;13.29;7;1;NA;302228
Buzet;Buzet;Kras;34d;Sovinjak;6554;13.29;7;1;NA;302228
Buzet;Buzet;Kras;34d;Sovinjak;6621;13.29;7;1;NA;302228
Buzet;Buzet;Kras;34d;Sovinjak;6833;13.29;7;1;NA;302228
Buzet;Buzet;Kras;34d;Sovinjak;6834;13.29;7;1;NA;302228
Buzet;Buzet;Kras;34d;Sovinjak;6898;13.29;7;1;NA;302228
Buzet;Buzet;Kras;34d;Sovinjak;7434;13.29;7;1;NA;302228
Buzet;Buzet;Kras;34d;Sovinjak;7438;13.29;7;1;NA;302228
Buzet;Buzet;Kras;34d;Sovinjak;7458;13.29;7;1;NA;302228
Buzet;Buzet;Kras;34d;Sovinjak;7549;13.29;7;1;NA;302228
Buzet;Buzet;Kras;34d;Sovinjak;7550;13.29;7;1;NA;302228
Buzet;Buzet;Kras;34d;Sovinjak;7551/1;13.29;7;1;NA;302228
Buzet;Buzet;Kras;34d;Sovinjak;7552;13.29;7;1;NA;302228
Buzet;Buzet;Kras;34d;Sovinjak;7554;13.29;7;1;NA;302228
Buzet;Buzet;Kras;34d;Sovinjak;7558;13.29;7;1;NA;302228
Buzet;Buzet;Kras;34d;Sovinjak;7559;13.29;7;1;NA;302228
Buzet;Buzet;Kras;34d;Sovinjak;7560;13.29;7;1;NA;302228
Buzet;Buzet;Kras;34d;Sovinjak;7575;13.29;7;1;NA;302228
Buzet;Buzet;Kras;34d;Sovinjak;7839;13.29;7;1;NA;302228
Buzet;Buzet;Kras;34d;Sovinjak;7840/1;13.29;7;1;NA;302228
Buzet;Buzet;Kras;34d;Sovinjak;7854;13.29;7;1;NA;302228
Buzet;Buzet;Kras;34d;Sovinjak;7877/1;13.29;7;1;NA;302228
Buzet;Buzet;Kras;34d;Sovinjak;7877/2;13.29;7;1;NA;302228
Buzet;Buzet;Kras;34d;Sovinjak;7879;13.29;7;1;NA;302228
Buzet;Buzet;Kras;34d;Sovinjak;7881;13.29;7;1;NA;302228
Buzet;Buzet;Kras;34d;Sovinjak;7889;13.29;7;1;NA;302228
Buzet;Buzet;Kras;34d;Sovinjak;7890;13.29;7;1;NA;302228
Buzet;Buzet;Kras;34d;Sovinjak;7891;13.29;7;1;NA;302228
Buzet;Buzet;Kras;34d;Sovinjak;7893;13.29;7;1;NA;302228
Buzet;Buzet;Kras;34d;Sovinjak;7897;13.29;7;1;NA;302228
Buzet;Buzet;Kras;34d;Sovinjak;7898;13.29;7;1;NA;302228
Buzet;Buzet;Kras;34d;Sovinjak;7914;13.29;7;1;NA;302228
Buzet;Buzet;Kras;34d;Sovinjak;7915;13.29;7;1;NA;302228
Buzet;Buzet;Kras;35i;Sovinjak;1817;1.15;7;1;NA;302228
Buzet;Buzet;Kras;35i;Sovinjak;1819;1.15;7;1;NA;302228
Buzet;Buzet;Kras;35i;Sovinjak;1933;1.15;7;1;NA;302228
Buzet;Buzet;Kras;35i;Sovinjak;2042;1.15;7;1;NA;302228
Buzet;Buzet;Kras;35m;Sovinjak;127;1.12;7;1;NA;302228
Buzet;Buzet;Kras;35m;Sovinjak;134;1.12;7;1;NA;302228
Buzet;Buzet;Kras;35m;Sovinjak;268;1.12;7;1;NA;302228
Buzet;Buzet;Kras;35m;Sovinjak;296;1.12;7;1;NA;302228
Buzet;Buzet;Kras;35m;Sovinjak;298;1.12;7;1;NA;302228
Buzet;Buzet;Kras;35m;Sovinjak;302;1.12;7;1;NA;302228
Buzet;Buzet;Kras;35m;Sovinjak;304;1.12;7;1;NA;302228
Buzet;Buzet;Kras;35m;Sovinjak;422;1.12;7;1;NA;302228
Buzet;Buzet;Kras;35m;Sovinjak;446;1.12;7;1;NA;302228
Buzet;Buzet;Kras;35m;Sovinjak;657;1.12;7;1;NA;302228
Buzet;Buzet;Kras;35m;Sovinjak;834;1.12;7;1;NA;302228
Buzet;Buzet;Kras;35m;Sovinjak;902;1.12;7;1;NA;302228
Buzet;Buzet;Kras;36c;Senj;4066;2.92;7;1;NA;302201
Buzet;Buzet;Kras;36c;Senj;4066;2.92;7;1;NA;302201
Buzet;Buzet;Kras;36c;Senj;4072;2.92;7;1;NA;302201
Buzet;Buzet;Kras;36c;Senj;4072;2.92;7;1;NA;302201
Buzet;Buzet;Kras;36c;Senj;4073;2.92;7;1;NA;302201
Buzet;Buzet;Kras;36c;Senj;4073;2.92;7;1;NA;302201
Buzet;Buzet;Kras;36c;Senj;4135;2.92;7;1;NA;302201
Buzet;Buzet;Kras;36c;Senj;4135;2.92;7;1;NA;302201
Buzet;Buzet;Kras;36c;Senj;4141;2.92;7;1;NA;302201
Buzet;Buzet;Kras;36c;Senj;4141;2.92;7;1;NA;302201
Buzet;Buzet;Kras;36c;Senj;4166;2.92;7;1;NA;302201
Buzet;Buzet;Kras;36c;Senj;4166;2.92;7;1;NA;302201
Buzet;Buzet;Kras;36c;Senj;4172/2;2.92;7;1;NA;302201
Buzet;Buzet;Kras;36c;Senj;4172/2;2.92;7;1;NA;302201
Buzet;Buzet;Kras;36c;Senj;4192;2.92;7;1;NA;302201
Buzet;Buzet;Kras;36c;Senj;4192;2.92;7;1;NA;302201
Buzet;Buzet;Kras;36c;Senj;4198;2.92;7;1;NA;302201
Buzet;Buzet;Kras;36c;Senj;4198;2.92;7;1;NA;302201
Buzet;Buzet;Kras;36c;Senj;4199;2.92;7;1;NA;302201
Buzet;Buzet;Kras;36c;Senj;4199;2.92;7;1;NA;302201
Buzet;Buzet;Kras;36c;Senj;4262;2.92;7;1;NA;302201
Buzet;Buzet;Kras;36c;Senj;4262;2.92;7;1;NA;302201
Buzet;Buzet;Kras;36c;Senj;4264/2;2.92;7;1;NA;302201
Buzet;Buzet;Kras;36c;Senj;4264/2;2.92;7;1;NA;302201
Buzet;Buzet;Kras;36c;Senj;4264;2.92;7;1;NA;302201
Buzet;Buzet;Kras;36c;Senj;4264;2.92;7;1;NA;302201
Buzet;Buzet;Kras;36c;Senj;4272;2.92;7;1;NA;302201
Buzet;Buzet;Kras;36c;Senj;4272;2.92;7;1;NA;302201
Buzet;Buzet;Kras;36c;Senj;4286/1;2.92;7;1;NA;302201
Buzet;Buzet;Kras;36c;Senj;4286/1;2.92;7;1;NA;302201
Buzet;Buzet;Kras;36c;Senj;4287/1;2.92;7;1;NA;302201
Buzet;Buzet;Kras;36c;Senj;4287/1;2.92;7;1;NA;302201
Buzet;Buzet;Kras;36c;Senj;4311;2.92;7;1;NA;302201
Buzet;Buzet;Kras;36c;Senj;4311;2.92;7;1;NA;302201
Buzet;Buzet;Kras;36c;Senj;4313;2.92;7;1;NA;302201
Buzet;Buzet;Kras;36c;Senj;4313;2.92;7;1;NA;302201
Buzet;Buzet;Kras;36e;Senj;4362/2;1.04;7;1;NA;302201
Buzet;Buzet;Kras;36e;Senj;4362/2;1.04;7;1;NA;302201
Buzet;Buzet;Kras;36e;Senj;4655/3;1.04;7;1;NA;302201
Buzet;Buzet;Kras;36e;Senj;4655/3;1.04;7;1;NA;302201
Buzet;Buzet;Kras;36e;Senj;4663;1.04;7;1;NA;302201
Buzet;Buzet;Kras;36e;Senj;4663;1.04;7;1;NA;302201
Buzet;Buzet;Kras;36e;Senj;4787/1;1.04;7;1;NA;302201
Buzet;Buzet;Kras;36e;Senj;4787/1;1.04;7;1;NA;302201
Buzet;Buzet;Kras;36e;Senj;4792/1;1.04;7;1;NA;302201
Buzet;Buzet;Kras;36e;Senj;4792/1;1.04;7;1;NA;302201
Buzet;Buzet;Kras;36e;Senj;4792;1.04;7;1;NA;302201
Buzet;Buzet;Kras;36e;Senj;4792;1.04;7;1;NA;302201
Buzet;Buzet;Kras;36e;Senj;4808/2;1.04;7;1;NA;302201
Buzet;Buzet;Kras;36e;Senj;4808/2;1.04;7;1;NA;302201
Buzet;Buzet;Kras;36e;Senj;5047;1.04;7;1;NA;302201
Buzet;Buzet;Kras;36e;Senj;5047;1.04;7;1;NA;302201
Buzet;Buzet;Kras;37d;Vrh;85;10.61;7;1;Buzet;316067
Buzet;Buzet;Kras;37d;Vrh;85;10.61;7;1;Buzet;316067
Buzet;Buzet;Kras;37d;Vrh;116/2;10.61;7;1;Buzet;316067
Buzet;Buzet;Kras;37d;Vrh;116/2;10.61;7;1;Buzet;316067
Buzet;Buzet;Kras;37d;Vrh;1162;10.61;7;1;Buzet;316067
Buzet;Buzet;Kras;37d;Vrh;1162;10.61;7;1;Buzet;316067
Buzet;Buzet;Kras;37d;Vrh;163;10.61;7;1;Buzet;316067
Buzet;Buzet;Kras;37d;Vrh;163;10.61;7;1;Buzet;316067
Buzet;Buzet;Kras;37d;Vrh;166;10.61;7;1;Buzet;316067
Buzet;Buzet;Kras;37d;Vrh;166;10.61;7;1;Buzet;316067
Buzet;Buzet;Kras;37d;Vrh;167;10.61;7;1;Buzet;316067
Buzet;Buzet;Kras;37d;Vrh;167;10.61;7;1;Buzet;316067
Buzet;Buzet;Kras;37d;Vrh;169;10.61;7;1;Buzet;316067
Buzet;Buzet;Kras;37d;Vrh;169;10.61;7;1;Buzet;316067
Buzet;Buzet;Kras;37d;Vrh;171;10.61;7;1;Buzet;316067
Buzet;Buzet;Kras;37d;Vrh;171;10.61;7;1;Buzet;316067
Buzet;Buzet;Kras;37d;Vrh;178/2;10.61;7;1;Buzet;316067
Buzet;Buzet;Kras;37d;Vrh;178/2;10.61;7;1;Buzet;316067
Buzet;Buzet;Kras;37d;Vrh;181;10.61;7;1;Buzet;316067
Buzet;Buzet;Kras;37d;Vrh;181;10.61;7;1;Buzet;316067
Buzet;Buzet;Kras;37d;Vrh;182;10.61;7;1;Buzet;316067
Buzet;Buzet;Kras;37d;Vrh;182;10.61;7;1;Buzet;316067
Buzet;Buzet;Kras;37d;Vrh;257;10.61;7;1;Buzet;316067
Buzet;Buzet;Kras;37d;Vrh;257;10.61;7;1;Buzet;316067
Buzet;Buzet;Kras;37d;Vrh;326;10.61;7;1;Buzet;316067
Buzet;Buzet;Kras;37d;Vrh;326;10.61;7;1;Buzet;316067
Buzet;Buzet;Kras;37d;Vrh;365/1;10.61;7;1;Buzet;316067
Buzet;Buzet;Kras;37d;Vrh;365/1;10.61;7;1;Buzet;316067
Buzet;Buzet;Kras;37d;Vrh;365/2;10.61;7;1;Buzet;316067
Buzet;Buzet;Kras;37d;Vrh;365/2;10.61;7;1;Buzet;316067
Buzet;Buzet;Kras;37d;Vrh;371;10.61;7;1;Buzet;316067
Buzet;Buzet;Kras;37d;Vrh;371;10.61;7;1;Buzet;316067
Buzet;Buzet;Kras;37d;Vrh;381;10.61;7;1;Buzet;316067
Buzet;Buzet;Kras;37d;Vrh;381;10.61;7;1;Buzet;316067
Buzet;Buzet;Kras;37d;Vrh;384;10.61;7;1;Buzet;316067
Buzet;Buzet;Kras;37d;Vrh;384;10.61;7;1;Buzet;316067
Buzet;Buzet;Kras;37d;Vrh;513;10.61;7;1;Buzet;316067
Buzet;Buzet;Kras;37d;Vrh;513;10.61;7;1;Buzet;316067
Buzet;Buzet;Kras;37d;Vrh;537;10.61;7;1;Buzet;316067
Buzet;Buzet;Kras;37d;Vrh;537;10.61;7;1;Buzet;316067
Buzet;Buzet;Kras;37d;Vrh;683;10.61;7;1;Buzet;316067
Buzet;Buzet;Kras;37d;Vrh;683;10.61;7;1;Buzet;316067
Buzet;Buzet;Kras;37d;Vrh;713;10.61;7;1;Buzet;316067
Buzet;Buzet;Kras;37d;Vrh;713;10.61;7;1;Buzet;316067
Buzet;Buzet;Kras;37d;Vrh;714/2;10.61;7;1;Buzet;316067
Buzet;Buzet;Kras;37d;Vrh;714/2;10.61;7;1;Buzet;316067
Buzet;Buzet;Kras;37d;Vrh;840;10.61;7;1;Buzet;316067
Buzet;Buzet;Kras;37d;Vrh;840;10.61;7;1;Buzet;316067
Buzet;Buzet;Kras;37d;Vrh;1552;10.61;7;1;Buzet;316067
Buzet;Buzet;Kras;37d;Vrh;1552;10.61;7;1;Buzet;316067
Buzet;Buzet;Kras;37d;Vrh;1553;10.61;7;1;Buzet;316067
Buzet;Buzet;Kras;37d;Vrh;1553;10.61;7;1;Buzet;316067
Buzet;Buzet;Kras;37d;Vrh;1629;10.61;7;1;Buzet;316067
Buzet;Buzet;Kras;37d;Vrh;1629;10.61;7;1;Buzet;316067
Buzet;Buzet;Kras;37d;Vrh;1662;10.61;7;1;Buzet;316067
Buzet;Buzet;Kras;37d;Vrh;1662;10.61;7;1;Buzet;316067
Buzet;Buzet;Kras;37d;Vrh;1756;10.61;7;1;Buzet;316067
Buzet;Buzet;Kras;37d;Vrh;1756;10.61;7;1;Buzet;316067
Buzet;Buzet;Kras;37d;Vrh;1777;10.61;7;1;Buzet;316067
Buzet;Buzet;Kras;37d;Vrh;1777;10.61;7;1;Buzet;316067
Buzet;Buzet;Kras;37d;Vrh;1790;10.61;7;1;Buzet;316067
Buzet;Buzet;Kras;37d;Vrh;1790;10.61;7;1;Buzet;316067
Buzet;Buzet;Kras;37d;Vrh;1818;10.61;7;1;Buzet;316067
Buzet;Buzet;Kras;37d;Vrh;1818;10.61;7;1;Buzet;316067
Buzet;Buzet;Kras;37d;Vrh;1819;10.61;7;1;Buzet;316067
Buzet;Buzet;Kras;37d;Vrh;1819;10.61;7;1;Buzet;316067
Buzet;Buzet;Kras;37d;Vrh;1826;10.61;7;1;Buzet;316067
Buzet;Buzet;Kras;37d;Vrh;1826;10.61;7;1;Buzet;316067
Buzet;Buzet;Kras;37d;Vrh;1880;10.61;7;1;Buzet;316067
Buzet;Buzet;Kras;37d;Vrh;1880;10.61;7;1;Buzet;316067
Buzet;Buzet;Kras;37d;Vrh;2209;10.61;7;1;Buzet;316067
Buzet;Buzet;Kras;37d;Vrh;2209;10.61;7;1;Buzet;316067
Buzet;Buzet;Kras;37d;Vrh;2249/3;10.61;7;1;Buzet;316067
Buzet;Buzet;Kras;37d;Vrh;2249/3;10.61;7;1;Buzet;316067
Buzet;Buzet;Kras;37d;Vrh;2271/2;10.61;7;1;Buzet;316067
Buzet;Buzet;Kras;37d;Vrh;2271/2;10.61;7;1;Buzet;316067
Buzet;Buzet;Kras;37d;Vrh;2272;10.61;7;1;Buzet;316067
Buzet;Buzet;Kras;37d;Vrh;2272;10.61;7;1;Buzet;316067
Buzet;Buzet;Kras;37d;Vrh;2310;10.61;7;1;Buzet;316067
Buzet;Buzet;Kras;37d;Vrh;2310;10.61;7;1;Buzet;316067
Buzet;Buzet;Kras;37d;Vrh;2315/2;10.61;7;1;Buzet;316067
Buzet;Buzet;Kras;37d;Vrh;2315/2;10.61;7;1;Buzet;316067
Buzet;Buzet;Kras;37d;Vrh;2318;10.61;7;1;Buzet;316067
Buzet;Buzet;Kras;37d;Vrh;2318;10.61;7;1;Buzet;316067
Buzet;Buzet;Kras;37d;Vrh;2322;10.61;7;1;Buzet;316067
Buzet;Buzet;Kras;37d;Vrh;2322;10.61;7;1;Buzet;316067
Buzet;Buzet;Kras;37d;Vrh;2344;10.61;7;1;Buzet;316067
Buzet;Buzet;Kras;37d;Vrh;2344;10.61;7;1;Buzet;316067
Buzet;Buzet;Kras;37d;Vrh;2345;10.61;7;1;Buzet;316067
Buzet;Buzet;Kras;37d;Vrh;2345;10.61;7;1;Buzet;316067
Buzet;Buzet;Kras;37d;Vrh;2571;10.61;7;1;Buzet;316067
Buzet;Buzet;Kras;37d;Vrh;2571;10.61;7;1;Buzet;316067
Buzet;Buzet;Kras;37d;Vrh;2692;10.61;7;1;Buzet;316067
Buzet;Buzet;Kras;37d;Vrh;2692;10.61;7;1;Buzet;316067
Buzet;Buzet;Kras;37d;Vrh;2693;10.61;7;1;Buzet;316067
Buzet;Buzet;Kras;37d;Vrh;2693;10.61;7;1;Buzet;316067
Buzet;Buzet;Kras;37d;Vrh;2898;10.61;7;1;Buzet;316067
Buzet;Buzet;Kras;37d;Vrh;2898;10.61;7;1;Buzet;316067
Buzet;Buzet;Kras;37d;Vrh;5037;10.61;7;1;Buzet;316067
Buzet;Buzet;Kras;37d;Vrh;5037;10.61;7;1;Buzet;316067
Buzet;Buzet;Kras;37d;Vrh;5050/3;10.61;7;1;Buzet;316067
Buzet;Buzet;Kras;37d;Vrh;5050/3;10.61;7;1;Buzet;316067
Buzet;Buzet;Kras;37d;Vrh;5060;10.61;7;1;Buzet;316067
Buzet;Buzet;Kras;37d;Vrh;5060;10.61;7;1;Buzet;316067
Buzet;Buzet;Kras;37d;Vrh;5063/2;10.61;7;1;Buzet;316067
Buzet;Buzet;Kras;37d;Vrh;5063/2;10.61;7;1;Buzet;316067
Buzet;Buzet;Kras;37d;Vrh;5064;10.61;7;1;Buzet;316067
Buzet;Buzet;Kras;37d;Vrh;5064;10.61;7;1;Buzet;316067
Buzet;Buzet;Kras;37d;Vrh;5065;10.61;7;1;Buzet;316067
Buzet;Buzet;Kras;37d;Vrh;5065;10.61;7;1;Buzet;316067
Buzet;Buzet;Kras;37d;Vrh;5250;10.61;7;1;Buzet;316067
Buzet;Buzet;Kras;37d;Vrh;5250;10.61;7;1;Buzet;316067
Buzet;Buzet;Kras;37d;Vrh;5486;10.61;7;1;Buzet;316067
Buzet;Buzet;Kras;37d;Vrh;5486;10.61;7;1;Buzet;316067
Buzet;Buzet;Kras;37d;Vrh;5494/2;10.61;7;1;Buzet;316067
Buzet;Buzet;Kras;37d;Vrh;5494/2;10.61;7;1;Buzet;316067
Buzet;Buzet;Kras;37d;Vrh;6313;10.61;7;1;Buzet;316067
Buzet;Buzet;Kras;37d;Vrh;6313;10.61;7;1;Buzet;316067
Buzet;Buzet;Kras;37d;Vrh;6314;10.61;7;1;Buzet;316067
Buzet;Buzet;Kras;37d;Vrh;6314;10.61;7;1;Buzet;316067
Buzet;Buzet;Kras;37d;Vrh;7053;10.61;7;1;Buzet;316067
Buzet;Buzet;Kras;37d;Vrh;7053;10.61;7;1;Buzet;316067
Buzet;Buzet;Kras;37d;Vrh;7250;10.61;7;1;Buzet;316067
Buzet;Buzet;Kras;37d;Vrh;7250;10.61;7;1;Buzet;316067
Buzet;Buzet;Kras;37d;Vrh;7302;10.61;7;1;Buzet;316067
Buzet;Buzet;Kras;37d;Vrh;7302;10.61;7;1;Buzet;316067
Buzet;Buzet;Kras;37d;Vrh;8842;10.61;7;1;Buzet;316067
Buzet;Buzet;Kras;37d;Vrh;8842;10.61;7;1;Buzet;316067
Buzet;Buzet;Kras;37d;Vrh;8895;10.61;7;1;Buzet;316067
Buzet;Buzet;Kras;37d;Vrh;8895;10.61;7;1;Buzet;316067
Buzet;Buzet;Kras;37d;Vrh;8908;10.61;7;1;Buzet;316067
Buzet;Buzet;Kras;37d;Vrh;8908;10.61;7;1;Buzet;316067
Buzet;Buzet;Kras;37d;Vrh;8968/2;10.61;7;1;Buzet;316067
Buzet;Buzet;Kras;37d;Vrh;8968/2;10.61;7;1;Buzet;316067
Buzet;Buzet;Kras;38c;Marèenegla;3362;2.19;7;1;NA;302171
Buzet;Buzet;Kras;38c;Marèenegla;3601;2.19;7;1;NA;302171
Buzet;Buzet;Kras;38c;Marèenegla;3636;2.19;7;1;NA;302171
Buzet;Buzet;Kras;38c;Marèenegla;3898;2.19;7;1;NA;302171
Buzet;Buzet;Kras;38c;Marèenegla;4132/1;2.19;7;1;NA;302171
Buzet;Buzet;Kras;38c;Marèenegla;4316;2.19;7;1;NA;302171
Buzet;Buzet;Kras;38c;Marèenegla;4341;2.19;7;1;NA;302171
Buzet;Buzet;Kras;38g;Marèenegla;4763;8.01;7;1;NA;302171
Buzet;Buzet;Kras;38g;Marèenegla;8500;8.01;7;1;NA;302171
Buzet;Buzet;Kras;38g;Marèenegla;8534;8.01;7;1;NA;302171
Buzet;Buzet;Kras;39e;Marèenegla;321;3.62;7;1;NA;302171
Buzet;Buzet;Kras;39e;Marèenegla;349/3;3.62;7;1;NA;302171
Buzet;Buzet;Kras;39e;Marèenegla;410/1;3.62;7;1;NA;302171
Buzet;Buzet;Kras;39e;Marèenegla;410/2;3.62;7;1;NA;302171
Buzet;Buzet;Kras;39e;Marèenegla;416/1;3.62;7;1;NA;302171
Buzet;Buzet;Kras;39e;Marèenegla;518/15;3.62;7;1;NA;302171
Buzet;Buzet;Kras;39e;Marèenegla;569;3.62;7;1;NA;302171
Buzet;Buzet;Kras;39e;Marèenegla;695/21;3.62;7;1;NA;302171
Buzet;Buzet;Kras;39e;Marèenegla;972/11;3.62;7;1;NA;302171
Buzet;Buzet;Kras;39e;Marèenegla;1160/2;3.62;7;1;NA;302171
Buzet;Buzet;Kras;39e;Marèenegla;1160/6;3.62;7;1;NA;302171
Buzet;Buzet;Kras;39e;Marèenegla;1286/16;3.62;7;1;NA;302171
Buzet;Buzet;Kras;39e;Marèenegla;2467/6;3.62;7;1;NA;302171
Buzet;Buzet;Kras;39e;Marèenegla;2467/7;3.62;7;1;NA;302171
Buzet;Buzet;Kras;39e;Marèenegla;2483/34;3.62;7;1;NA;302171
Buzet;Buzet;Kras;39e;Marèenegla;2483/35;3.62;7;1;NA;302171
Buzet;Buzet;Kras;39e;Marèenegla;2485/1;3.62;7;1;NA;302171
Buzet;Buzet;Kras;39e;Marèenegla;2485/9;3.62;7;1;NA;302171
Buzet;Buzet;Kras;39e;Marèenegla;2600/19;3.62;7;1;NA;302171
Buzet;Buzet;Kras;39e;Marèenegla;2622/2;3.62;7;1;NA;302171
Buzet;Buzet;Kras;39e;Marèenegla;2622/12;3.62;7;1;NA;302171
Buzet;Buzet;Kras;39e;Marèenegla;2652/1;3.62;7;1;NA;302171
Buzet;Buzet;Kras;39e;Marèenegla;2652/3;3.62;7;1;NA;302171
Buzet;Buzet;Kras;39e;Marèenegla;2655/15;3.62;7;1;NA;302171
Buzet;Buzet;Kras;39e;Marèenegla;2655/17;3.62;7;1;NA;302171
Buzet;Buzet;Kras;39e;Marèenegla;2655/18;3.62;7;1;NA;302171
Buzet;Buzet;Kras;39e;Marèenegla;2657/8;3.62;7;1;NA;302171
Buzet;Buzet;Kras;39e;Marèenegla;2659/14;3.62;7;1;NA;302171
Buzet;Buzet;Kras;39e;Marèenegla;2786/1;3.62;7;1;NA;302171
Buzet;Buzet;Kras;39e;Marèenegla;2786;3.62;7;1;NA;302171
Buzet;Buzet;Kras;40l;Svi sveti;581;10.7;7;1;NA;302244
Buzet;Buzet;Kras;40l;Svi sveti;834;10.7;7;1;NA;302244
Buzet;Buzet;Kras;40l;Svi sveti;845;10.7;7;1;NA;302244
Buzet;Buzet;Kras;40l;Svi sveti;863;10.7;7;1;NA;302244
Buzet;Buzet;Kras;40l;Svi sveti;1114;10.7;7;1;NA;302244
Buzet;Buzet;Kras;40l;Svi sveti;1151;10.7;7;1;NA;302244
Buzet;Buzet;Kras;40l;Svi sveti;1157;10.7;7;1;NA;302244
Buzet;Buzet;Kras;40l;Svi sveti;1760;10.7;7;1;NA;302244
Buzet;Buzet;Kras;40l;Svi sveti;1761;10.7;7;1;NA;302244
Buzet;Buzet;Kras;40l;Svi sveti;1764/2;10.7;7;1;NA;302244
Buzet;Buzet;Kras;40l;Svi sveti;1852;10.7;7;1;NA;302244
Buzet;Buzet;Kras;40l;Svi sveti;1853;10.7;7;1;NA;302244
Buzet;Buzet;Kras;40l;Svi sveti;1862/1;10.7;7;1;NA;302244
Buzet;Buzet;Kras;40l;Svi sveti;1863/2;10.7;7;1;NA;302244
Buzet;Buzet;Kras;40l;Svi sveti;1864/2;10.7;7;1;NA;302244
Buzet;Buzet;Kras;40l;Svi sveti;1865;10.7;7;1;NA;302244
Buzet;Buzet;Kras;40l;Svi sveti;1870/2;10.7;7;1;NA;302244
Buzet;Buzet;Kras;40l;Svi sveti;1897/5;10.7;7;1;NA;302244
Buzet;Buzet;Kras;40l;Svi sveti;1923;10.7;7;1;NA;302244
Buzet;Buzet;Kras;40l;Svi sveti;1924/1;10.7;7;1;NA;302244
Buzet;Buzet;Kras;40l;Svi sveti;1925/1;10.7;7;1;NA;302244
Buzet;Buzet;Kras;40l;Svi sveti;1926/2;10.7;7;1;NA;302244
Buzet;Buzet;Kras;40l;Svi sveti;1927/1;10.7;7;1;NA;302244
Buzet;Buzet;Kras;40l;Svi sveti;1928/2;10.7;7;1;NA;302244
Buzet;Buzet;Kras;40l;Svi sveti;2134/1;10.7;7;1;NA;302244
Buzet;Buzet;Kras;40l;Svi sveti;2210;10.7;7;1;NA;302244
Buzet;Buzet;Kras;40l;Svi sveti;2211;10.7;7;1;NA;302244
Buzet;Buzet;Kras;40l;Svi sveti;2439/1;10.7;7;1;NA;302244
Buzet;Buzet;Kras;40l;Svi sveti;2440;10.7;7;1;NA;302244
Buzet;Buzet;Kras;40l;Svi sveti;2441/1;10.7;7;1;NA;302244
Buzet;Buzet;Kras;40l;Svi sveti;2442;10.7;7;1;NA;302244
Buzet;Buzet;Kras;40l;Svi sveti;2526;10.7;7;1;NA;302244
Buzet;Buzet;Kras;40l;Svi sveti;2527;10.7;7;1;NA;302244
Buzet;Buzet;Kras;40l;Svi sveti;2557/2;10.7;7;1;NA;302244
Buzet;Buzet;Kras;40l;Svi sveti;3239;10.7;7;1;NA;302244
Buzet;Buzet;Kras;40l;Svi sveti;3246;10.7;7;1;NA;302244
Buzet;Buzet;Kras;40l;Svi sveti;3398;10.7;7;1;NA;302244
Buzet;Buzet;Kras;40l;Svi sveti;3443;10.7;7;1;NA;302244
Buzet;Buzet;Kras;40l;Svi sveti;3445;10.7;7;1;NA;302244
Buzet;Buzet;Kras;40l;Svi sveti;3476;10.7;7;1;NA;302244
Buzet;Buzet;Kras;40l;Svi sveti;3477;10.7;7;1;NA;302244
Buzet;Buzet;Kras;40l;Svi sveti;3521;10.7;7;1;NA;302244
Buzet;Buzet;Kras;40l;Svi sveti;3522;10.7;7;1;NA;302244
Buzet;Buzet;Kras;40l;Svi sveti;4134;10.7;7;1;NA;302244
Buzet;Buzet;Kras;40l;Svi sveti;4135/1;10.7;7;1;NA;302244
Buzet;Buzet;Kras;40l;Svi sveti;4135/2;10.7;7;1;NA;302244
Buzet;Buzet;Kras;40l;Svi sveti;4143;10.7;7;1;NA;302244
Buzet;Buzet;Kras;40l;Svi sveti;4144/1;10.7;7;1;NA;302244
Buzet;Buzet;Kras;40l;Svi sveti;4145;10.7;7;1;NA;302244
Buzet;Buzet;Kras;40l;Svi sveti;4767;10.7;7;1;NA;302244
Buzet;Buzet;Kras;40l;Svi sveti;4815;10.7;7;1;NA;302244
Buzet;Buzet;Kras;40l;Svi sveti;4870;10.7;7;1;NA;302244
Buzet;Buzet;Kras;40l;Svi sveti;4871;10.7;7;1;NA;302244
Buzet;Buzet;Kras;40l;Svi sveti;4875;10.7;7;1;NA;302244
Buzet;Buzet;Kras;40l;Svi sveti;4884;10.7;7;1;NA;302244
Buzet;Buzet;Kras;40l;Svi sveti;4940;10.7;7;1;NA;302244
Buzet;Buzet;Kras;40l;Svi sveti;5314;10.7;7;1;NA;302244
Buzet;Buzet;Kras;40l;Svi sveti;5315;10.7;7;1;NA;302244
Buzet;Buzet;Kras;41b;Roè;14087;1.3;8;1;NA;302198
Buzet;Buzet;Kras;41b;Roè;14197;1.3;8;1;NA;302198
Buzet;Buzet;Kras;41b;Roè;14198;1.3;8;1;NA;302198
Buzet;Buzet;Kras;41b;Roè;14250;1.3;8;1;NA;302198
Buzet;Buzet;Kras;41b;Roè;14251;1.3;8;1;NA;302198
Buzet;Buzet;Kras;41b;Roè;14252;1.3;8;1;NA;302198
Buzet;Buzet;Kras;41b;Roè;15253;1.3;8;1;NA;302198
Buzet;Buzet;Kras;42h;Hum;106/1;16.33;8;1;Buzet;302139
Buzet;Buzet;Kras;42h;Hum;130/37;16.33;8;1;Buzet;302139
Buzet;Buzet;Kras;42h;Hum;338;16.33;8;1;Buzet;302139
Buzet;Buzet;Kras;42h;Hum;339;16.33;8;1;Buzet;302139
Buzet;Buzet;Kras;42h;Hum;340;16.33;8;1;Buzet;302139
Buzet;Buzet;Kras;42h;Hum;342;16.33;8;1;Buzet;302139
Buzet;Buzet;Kras;42h;Hum;343;16.33;8;1;Buzet;302139
Buzet;Buzet;Kras;42h;Hum;2394;16.33;8;1;Buzet;302139
Buzet;Buzet;Kras;42h;Hum;2395;16.33;8;1;Buzet;302139
Buzet;Buzet;Kras;42h;Hum;2396/6;16.33;8;1;Buzet;302139
Buzet;Buzet;Kras;42h;Hum;2408;16.33;8;1;Buzet;302139
Buzet;Buzet;Kras;42h;Hum;2409;16.33;8;1;Buzet;302139
Buzet;Buzet;Kras;42h;Hum;2411/1;16.33;8;1;Buzet;302139
Buzet;Buzet;Kras;42h;Hum;2412;16.33;8;1;Buzet;302139
Buzet;Buzet;Kras;42h;Hum;2415/2;16.33;8;1;Buzet;302139
Buzet;Buzet;Kras;42h;Hum;2420;16.33;8;1;Buzet;302139
Buzet;Buzet;Kras;42h;Hum;2422;16.33;8;1;Buzet;302139
Buzet;Buzet;Kras;42h;Hum;2426/23;16.33;8;1;Buzet;302139
Buzet;Buzet;Kras;42h;Hum;2426/33;16.33;8;1;Buzet;302139
Buzet;Buzet;Kras;42h;Hum;3167;16.33;8;1;Buzet;302139
Buzet;Buzet;Kras;42h;Hum;3190;16.33;8;1;Buzet;302139
Buzet;Buzet;Kras;42h;Hum;3590;16.33;8;1;Buzet;302139
Buzet;Buzet;Kras;42h;Hum;3594/92;16.33;8;1;Buzet;302139
Buzet;Buzet;Kras;42h;Hum;3653/14;16.33;8;1;Buzet;302139
Buzet;Buzet;Kras;42h;Hum;3653/21;16.33;8;1;Buzet;302139
Buzet;Buzet;Kras;42h;Hum;3653/22;16.33;8;1;Buzet;302139
Buzet;Buzet;Kras;42h;Hum;3653/29;16.33;8;1;Buzet;302139
Buzet;Buzet;Kras;42h;Hum;3653/31;16.33;8;1;Buzet;302139
Buzet;Buzet;Kras;42h;Hum;3653/31;16.33;8;1;Buzet;302139
Buzet;Buzet;Kras;42h;Hum;3653/34;16.33;8;1;Buzet;302139
Buzet;Buzet;Kras;42h;Hum;3653/37;16.33;8;1;Buzet;302139
Buzet;Buzet;Kras;42h;Hum;3653/40;16.33;8;1;Buzet;302139
Buzet;Buzet;Kras;42h;Hum;4202;16.33;8;1;Buzet;302139
Buzet;Buzet;Kras;42h;Hum;4204;16.33;8;1;Buzet;302139
Buzet;Buzet;Kras;42h;Hum;4205;16.33;8;1;Buzet;302139
Buzet;Buzet;Kras;42h;Hum;5216/17;16.33;8;1;Buzet;302139
Buzet;Buzet;Kras;42h;Hum;4216/18;16.33;8;1;Buzet;302139
Buzet;Buzet;Kras;42h;Hum;4222/2;16.33;8;1;Buzet;302139
Buzet;Buzet;Kras;42h;Hum;4226/113;16.33;8;1;Buzet;302139
Buzet;Buzet;Kras;42h;Hum;5226/125;16.33;8;1;Buzet;302139
Buzet;Buzet;Kras;42h;Hum;4226/126;16.33;8;1;Buzet;302139
Buzet;Buzet;Kras;42h;Hum;4505/1;16.33;8;1;Buzet;302139
Buzet;Buzet;Kras;42h;Hum;4502/2;16.33;8;1;Buzet;302139
Buzet;Buzet;Kras;42h;Hum;5212/13;16.33;8;1;Buzet;302139
Buzet;Buzet;Kras;43f;Hum;159/36;4.34;8;1;NA;302139
Buzet;Buzet;Kras;43f;Hum;159/37;4.34;8;1;NA;302139
Buzet;Buzet;Kras;43f;Hum;162;4.34;8;1;NA;302139
Buzet;Buzet;Kras;43f;Hum;4608/6;4.34;8;1;NA;302139
Buzet;Buzet;Kras;43f;Hum;4608/7;4.34;8;1;NA;302139
Buzet;Buzet;Kras;43f;Hum;5017/8;4.34;8;1;NA;302139
Buzet;Buzet;Kras;43f;Hum;5017/17;4.34;8;1;NA;302139
Buzet;Buzet;Kras;43f;Hum;5017/22;4.34;8;1;NA;302139
Buzet;Buzet;Kras;43f;Hum;5017/28;4.34;8;1;NA;302139
Buzet;Buzet;Kras;43f;Hum;5017/37;4.34;8;1;NA;302139
Buzet;Buzet;Kras;43f;Hum;5017/40;4.34;8;1;NA;302139
Buzet;Buzet;Kras;43f;Hum;5022/19;4.34;8;1;NA;302139
Buzet;Buzet;Kras;43f;Hum;5112/1;4.34;8;1;NA;302139
Buzet;Buzet;Kras;43f;Hum;5122;4.34;8;1;NA;302139
Buzet;Buzet;Kras;44e;Hum;60354;10.16;8;1;NA;302139
Buzet;Buzet;Kras;44e;Hum;670/4;10.16;8;1;NA;302139
Buzet;Buzet;Kras;44e;Hum;885/26;10.16;8;1;NA;302139
Buzet;Buzet;Kras;44e;Hum;885/30;10.16;8;1;NA;302139
Buzet;Buzet;Kras;44e;Hum;885/32;10.16;8;1;NA;302139
Buzet;Buzet;Kras;44e;Hum;885/38;10.16;8;1;NA;302139
Buzet;Buzet;Kras;44e;Hum;885/77;10.16;8;1;NA;302139
Buzet;Buzet;Kras;44e;Hum;1309/126;10.16;8;1;NA;302139
Buzet;Buzet;Kras;44e;Hum;1391/14;10.16;8;1;NA;302139
Buzet;Buzet;Kras;44e;Hum;1391/59;10.16;8;1;NA;302139
Buzet;Buzet;Kras;44e;Hum;1398;10.16;8;1;NA;302139
Buzet;Buzet;Kras;44e;Hum;1592/1;10.16;8;1;NA;302139
Buzet;Buzet;Kras;44e;Hum;2001;10.16;8;1;NA;302139
Buzet;Buzet;Kras;44e;Hum;5212/8;10.16;8;1;NA;302139
Buzet;Buzet;Kras;44e;Hum;5212/27;10.16;8;1;NA;302139
Buzet;Buzet;Kras;44e;Hum;5212/35;10.16;8;1;NA;302139
Buzet;Buzet;Kras;44e;Hum;5212/36;10.16;8;1;NA;302139
Buzet;Buzet;Kras;44f;Hum;1693/4;0.88;8;1;NA;302139
Buzet;Buzet;Kras;44u;Hum;603/54;2.05;8;1;NA;302139
Buzet;Buzet;Kras;44u;Hum;603/55;2.05;8;1;NA;302139
Buzet;Buzet;Kras;44u;Hum;603/56;2.05;8;1;NA;302139
Buzet;Buzet;Kras;44u;Hum;1309/39;2.05;8;1;NA;302139
Buzet;Buzet;Kras;44z;Hum;1309/8;1.84;8;1;NA;302139
Buzet;Buzet;Kras;44z;Hum;1309/22;1.84;8;1;NA;302139
Buzet;Buzet;Kras;45a;Hum;885/12;9.2;8;1;NA;302139
Buzet;Buzet;Kras;45a;Hum;885/14;9.2;8;1;NA;302139
Buzet;Buzet;Kras;45a;Hum;885/52;9.2;8;1;NA;302139
Buzet;Buzet;Kras;45a;Hum;885/58;9.2;8;1;NA;302139
Buzet;Buzet;Kras;45a;Hum;885/140;9.2;8;1;NA;302139
Buzet;Buzet;Kras;45a;Hum;900/1;9.2;8;1;NA;302139
Buzet;Buzet;Kras;45a;Hum;1003/1;9.2;8;1;NA;302139
Buzet;Buzet;Kras;45a;Hum;1114/4;9.2;8;1;NA;302139
Buzet;Buzet;Kras;45a;Hum;5143/235;9.2;8;1;NA;302139
Buzet;Buzet;Kras;45a;Hum;5143/236;9.2;8;1;NA;302139
Buzet;Buzet;Kras;45a;Hum;5143/241;9.2;8;1;NA;302139
Buzet;Buzet;Kras;45a;Hum;5195/1;9.2;8;1;NA;302139
Buzet;Buzet;Kras;45a;Hum;5196/2;9.2;8;1;NA;302139
Buzet;Buzet;Kras;45a;Hum;5221/1;9.2;8;1;NA;302139
Buzet;Buzet;Kras;45a;Hum;5221/2;9.2;8;1;NA;302139
Buzet;Buzet;Kras;45a;Hum;5221/3;9.2;8;1;NA;302139
Buzet;Buzet;Kras;45a;Hum;5221/6;9.2;8;1;NA;302139
Buzet;Buzet;Kras;45a;Hum;5223;9.2;8;1;NA;302139
Buzet;Buzet;Kras;45a;Hum;5226/1;9.2;8;1;NA;302139
Buzet;Buzet;Kras;45a;Hum;5226/2;9.2;8;1;NA;302139
Buzet;Buzet;Kras;45a;Hum;5252/6;9.2;8;1;NA;302139
Buzet;Buzet;Kras;45a;Hum;5255;9.2;8;1;NA;302139
Buzet;Buzet;Kras;45a;Hum;5299/4;9.2;8;1;NA;302139
Buzet;Buzet;Kras;45a;Hum;5414/2;9.2;8;1;NA;302139
Buzet;Buzet;Kras;45a;Hum;5430/5;9.2;8;1;NA;302139
Buzet;Buzet;Kras;45a;Hum;5471/18;9.2;8;1;NA;302139
Buzet;Buzet;Kras;45c;Hum;5367/32;1.16;8;1;NA;302139
Buzet;Buzet;Kras;45c;Hum;5367/50;1.16;8;1;NA;302139
Buzet;Buzet;Kras;31d;Oprtalj;725/17;14.95;8;1;livade;301957
Buzet;Buzet;Kras;31d;Oprtalj;725/19;14.95;8;1;livade;301957
Buzet;Buzet;Kras;31d;Oprtalj;1061/7;14.95;8;1;livade;301957
Buzet;Buzet;Kras;31d;Oprtalj;1061/8;14.95;8;1;livade;301957
Buzet;Buzet;Kras;31d;Oprtalj;1078/1;14.95;8;1;livade;301957
Buzet;Buzet;Kras;31d;Oprtalj;1080/6;14.95;8;1;livade;301957
Buzet;Buzet;Kras;31d;Oprtalj;1096/1;14.95;8;1;livade;301957
Buzet;Buzet;Kras;31d;Oprtalj;1101/5;14.95;8;1;livade;301957
Buzet;Buzet;Kras;31d;Oprtalj;1106/12;14.95;8;1;livade;301957
Buzet;Buzet;Kras;31d;Oprtalj;1143/1;14.95;8;1;livade;301957
Buzet;Buzet;Kras;31d;Oprtalj;1143/2;14.95;8;1;livade;301957
Buzet;Buzet;Kras;31d;Oprtalj;1152/3;14.95;8;1;livade;301957
Buzet;Buzet;Kras;31d;Oprtalj;1184/2;14.95;8;1;livade;301957
Buzet;Buzet;Kras;31d;Oprtalj;1190/1;14.95;8;1;livade;301957
Buzet;Buzet;Kras;31d;Oprtalj;1190/2;14.95;8;1;livade;301957
Buzet;Buzet;Kras;31d;Oprtalj;1191;14.95;8;1;livade;301957
Buzet;Buzet;Kras;31d;Oprtalj;1192;14.95;8;1;livade;301957
Buzet;Buzet;Kras;31d;Oprtalj;1193/1;14.95;8;1;livade;301957
Buzet;Buzet;Kras;31d;Oprtalj;1193/3;14.95;8;1;livade;301957
Buzet;Buzet;Kras;31d;Oprtalj;1199/6;14.95;8;1;livade;301957
Buzet;Buzet;Kras;31d;Oprtalj;1206/2;14.95;8;1;livade;301957
Buzet;Buzet;Kras;31d;Oprtalj;1207;14.95;8;1;livade;301957
Buzet;Buzet;Kras;31d;Oprtalj;1209;14.95;8;1;livade;301957
Buzet;Buzet;Kras;31d;Oprtalj;1231;14.95;8;1;livade;301957
Buzet;Buzet;Kras;31d;Oprtalj;1233;14.95;8;1;livade;301957
Buzet;Buzet;Kras;31d;Oprtalj;1234;14.95;8;1;livade;301957
Buzet;Buzet;Kras;31d;Oprtalj;1238/4;14.95;8;1;livade;301957
Buzet;Buzet;Kras;31d;Oprtalj;1244;14.95;8;1;livade;301957
Buzet;Buzet;Kras;31d;Oprtalj;1259;14.95;8;1;livade;301957
Buzet;Buzet;Kras;31d;Oprtalj;1261;14.95;8;1;livade;301957
Buzet;Buzet;Kras;31d;Oprtalj;1271;14.95;8;1;livade;301957
Buzet;Buzet;Kras;31d;Oprtalj;1305/1;14.95;8;1;livade;301957
Buzet;Buzet;Kras;31d;Oprtalj;1305/2;14.95;8;1;livade;301957
Buzet;Buzet;Kras;31d;Oprtalj;1306/4;14.95;8;1;livade;301957
Buzet;Buzet;Kras;31d;Oprtalj;1308/1;14.95;8;1;livade;301957
Buzet;Buzet;Kras;31d;Oprtalj;1309/4;14.95;8;1;livade;301957
Buzet;Buzet;Kras;31d;Oprtalj;1317;14.95;8;1;livade;301957
Buzet;Buzet;Kras;31d;Oprtalj;1354/5;14.95;8;1;livade;301957
Buzet;Buzet;Kras;31d;Oprtalj;1373/1;14.95;8;1;livade;301957
Buzet;Buzet;Kras;31d;Oprtalj;1374;14.95;8;1;livade;301957
Buzet;Buzet;Kras;31d;Oprtalj;1375;14.95;8;1;livade;301957
Buzet;Buzet;Kras;31d;Oprtalj;1375/2;14.95;8;1;livade;301957
Buzet;Buzet;Kras;31d;Oprtalj;1375/4;14.95;8;1;livade;301957
Buzet;Buzet;Kras;31d;Oprtalj;1380/4;14.95;8;1;livade;301957
Buzet;Buzet;Kras;31d;Oprtalj;1381/2;14.95;8;1;livade;301957
Buzet;Buzet;Kras;31d;Oprtalj;1381/4;14.95;8;1;livade;301957
Buzet;Buzet;Kras;31d;Oprtalj;1382/1;14.95;8;1;livade;301957
Buzet;Buzet;Kras;31d;Oprtalj;9163/2;14.95;8;1;livade;301957
Buzet;Buzet;Kras;31d;Oprtalj;9883/2;14.95;8;1;livade;301957
Buzet;Buzet;Kras;31d;Oprtalj;9883/3;14.95;8;1;livade;301957
Buzet;Buzet;Kras;31d;Oprtalj;9883/5;14.95;8;1;livade;301957
Buzet;Buzet;Kras;31d;Oprtalj;9907/8;14.95;8;1;livade;301957
Buzet;Buzet;Kras;31d;Oprtalj;9907/12;14.95;8;1;livade;301957
Buzet;Buzet;Kras;31d;Oprtalj;9948;14.95;8;1;livade;301957
Buzet;Buzet;Kras;31d;Oprtalj;9949/3;14.95;8;1;livade;301957
Buzet;Buzet;Kras;31d;Oprtalj;9958;14.95;8;1;livade;301957
Buzet;Buzet;Kras;31d;Oprtalj;9967/2;14.95;8;1;livade;301957
Buzet;Buzet;Kras;31d;Oprtalj;9967/4;14.95;8;1;livade;301957
Buzet;Buzet;Kras;31d;Oprtalj;9968;14.95;8;1;livade;301957
Buzet;Buzet;Kras;31d;Oprtalj;9969;14.95;8;1;livade;301957
Buzet;Buzet;Kras;31d;Oprtalj;9970/2;14.95;8;1;livade;301957
Buzet;Buzet;Kras;31d;Oprtalj;10034;14.95;8;1;livade;301957
Buzet;Buzet;Kras;31d;Oprtalj;10042/1;14.95;8;1;livade;301957
Buzet;Buzet;Kras;31d;Oprtalj;10053/3;14.95;8;1;livade;301957
Buzet;Buzet;Kras;31d;Oprtalj;10054/2;14.95;8;1;livade;301957
Buzet;Buzet;Kras;31d;Oprtalj;10055/1;14.95;8;1;livade;301957
Buzet;Buzet;Kras;31d;Oprtalj;10059/3;14.95;8;1;livade;301957
Buzet;Buzet;Kras;31d;Oprtalj;10076;14.95;8;1;livade;301957
Buzet;Buzet;Kras;31d;Oprtalj;10150/1;14.95;8;1;livade;301957
Buzet;Buzet;Kras;31d;Oprtalj;10150/3;14.95;8;1;livade;301957
Buzet;Buzet;Kras;31d;Oprtalj;10153;14.95;8;1;livade;301957
Buzet;Buzet;Kras;31d;Oprtalj;10154;14.95;8;1;livade;301957
Buzet;Buzet;Kras;31d;Oprtalj;10167/2;14.95;8;1;livade;301957
Buzet;Buzet;Kras;31d;Oprtalj;10220/2;14.95;8;1;livade;301957
Buzet;Buzet;Kras;31d;Oprtalj;10227;14.95;8;1;livade;301957
Buzet;Buzet;Kras;31d;Oprtalj;10251;14.95;8;1;livade;301957
Buzet;Buzet;Kras;31d;Oprtalj;10254;14.95;8;1;livade;301957
Buzet;Buzet;Kras;31d;Oprtalj;10255;14.95;8;1;livade;301957
Buzet;Buzet;Kras;31d;Oprtalj;10258;14.95;8;1;livade;301957
Buzet;Buzet;Kras;31d;Oprtalj;10261;14.95;8;1;livade;301957
Buzet;Buzet;Kras;31d;Oprtalj;10262;14.95;8;1;livade;301957
Buzet;Buzet;Kras;31d;Oprtalj;10265/6;14.95;8;1;livade;301957
Buzet;Buzet;Kras;31d;Oprtalj;10273/1;14.95;8;1;livade;301957
Buzet;Buzet;Kras;31d;Oprtalj;10276;14.95;8;1;livade;301957
Buzet;Buzet;Kras;31d;Oprtalj;10279;14.95;8;1;livade;301957
Buzet;Buzet;Kras;31d;Oprtalj;10291/2;14.95;8;1;livade;301957
Buzet;Buzet;Kras;31d;Oprtalj;10299;14.95;8;1;livade;301957
Buzet;Buzet;Kras;31d;Oprtalj;10300/3;14.95;8;1;livade;301957
Buzet;Buzet;Kras;31d;Oprtalj;10303/1;14.95;8;1;livade;301957
Buzet;Buzet;Kras;31d;Oprtalj;10303/2;14.95;8;1;livade;301957
Buzet;Buzet;Kras;31d;Oprtalj;10304/8;14.95;8;1;livade;301957
Buzet;Buzet;Kras;31d;Oprtalj;10306/1;14.95;8;1;livade;301957
Buzet;Buzet;Kras;31d;Oprtalj;10327;14.95;8;1;livade;301957
Buzet;Buzet;Kras;31d;Oprtalj;10332;14.95;8;1;livade;301957
Buzet;Buzet;Kras;31d;Oprtalj;10334;14.95;8;1;livade;301957
Buzet;Buzet;Kras;31d;Oprtalj;10336/1;14.95;8;1;livade;301957
Buzet;Buzet;Kras;31d;Oprtalj;10337/1;14.95;8;1;livade;301957
Buzet;Buzet;Kras;31d;Oprtalj;10337/2;14.95;8;1;livade;301957
Buzet;Buzet;Kras;31d;Oprtalj;10337/3;14.95;8;1;livade;301957
Buzet;Buzet;Kras;31d;Oprtalj;10338;14.95;8;1;livade;301957
Buzet;Buzet;Kras;31d;Oprtalj;10340;14.95;8;1;livade;301957
Buzet;Buzet;Kras;31d;Oprtalj;10342;14.95;8;1;livade;301957
Buzet;Buzet;Kras;31d;Oprtalj;10345;14.95;8;1;livade;301957
Buzet;Buzet;Kras;31d;Oprtalj;10346;14.95;8;1;livade;301957
Buzet;Buzet;Kras;31d;Oprtalj;10351/1;14.95;8;1;livade;301957
Buzet;Buzet;Kras;31d;Oprtalj;10354;14.95;8;1;livade;301957
Buzet;Buzet;Kras;31d;Oprtalj;10366;14.95;8;1;livade;301957
Buzet;Buzet;Kras;31d;Oprtalj;10392;14.95;8;1;livade;301957
Buzet;Buzet;Kras;31d;Oprtalj;10407;14.95;8;1;livade;301957
Buzet;Buzet;Kras;31d;Oprtalj;10473;14.95;8;1;livade;301957
Buzet;Buzet;Kras;31d;Oprtalj;10512/11;14.95;8;1;livade;301957
Buzet;Buzet;Kras;31d;Oprtalj;10512/12;14.95;8;1;livade;301957
Buzet;Buzet;Kras;31d;Oprtalj;10580/4;14.95;8;1;livade;301957
Buzet;Buzet;Kras;31d;Oprtalj;10594/1;14.95;8;1;livade;301957
Buzet;Buzet;Kras;31d;Oprtalj;10599;14.95;8;1;livade;301957
Buzet;Buzet;Kras;31d;Oprtalj;10523/2;14.95;8;1;livade;301957
Buzet;Buzet;Kras;31d;Oprtalj;10625;14.95;8;1;livade;301957
Buzet;Buzet;Kras;31d;Oprtalj;10637/5;14.95;8;1;livade;301957
Buzet;Buzet;Kras;31d;Oprtalj;10639;14.95;8;1;livade;301957
Buzet;Buzet;Kras;31d;Oprtalj;10640;14.95;8;1;livade;301957
Buzet;Buzet;Kras;31d;Oprtalj;10641;14.95;8;1;livade;301957
Buzet;Buzet;Kras;31d;Oprtalj;10653/2;14.95;8;1;livade;301957
Buzet;Buzet;Kras;31d;Oprtalj;10656;14.95;8;1;livade;301957
Buzet;Buzet;Kras;31d;Oprtalj;10668/3;14.95;8;1;livade;301957
Buzet;Buzet;Kras;31d;Oprtalj;10673/2;14.95;8;1;livade;301957
Buzet;Buzet;Kras;31d;Oprtalj;10685/2;14.95;8;1;livade;301957
Buzet;Buzet;Kras;31d;Oprtalj;10709/3;14.95;8;1;livade;301957
Buzet;Buzet;Kras;31d;Oprtalj;10709/6;14.95;8;1;livade;301957
Buzet;Buzet;Kras;31d;Oprtalj;10711/2;14.95;8;1;livade;301957
Buzet;Buzet;Kras;31d;Oprtalj;10712/5;14.95;8;1;livade;301957
Buzet;Buzet;Kras;31d;Oprtalj;10714/5;14.95;8;1;livade;301957
Buzet;Buzet;Kras;31d;Oprtalj;10748/5;14.95;8;1;livade;301957
Buzet;Buzet;Kras;31d;Oprtalj;10750;14.95;8;1;livade;301957
Buzet;Buzet;Kras;31d;Oprtalj;10751;14.95;8;1;livade;301957
Buzet;Buzet;Kras;31i;Oprtalj;728/1;2.22;8;1;livade;301957
Buzet;Buzet;Kras;31i;Oprtalj;728/2;2.22;8;1;livade;301957
Buzet;Buzet;Kras;31i;Oprtalj;728/5;2.22;8;1;livade;301957
Buzet;Buzet;Kras;31i;Oprtalj;731/1;2.22;8;1;livade;301957
Buzet;Buzet;Kras;31i;Oprtalj;731/3;2.22;8;1;livade;301957
Buzet;Buzet;Kras;31i;Oprtalj;994/1;2.22;8;1;livade;301957
Buzet;Buzet;Kras;31i;Oprtalj;1146;2.22;8;1;livade;301957
Buzet;Buzet;Kras;31i;Oprtalj;1149/1;2.22;8;1;livade;301957
Buzet;Buzet;Kras;31i;Oprtalj;1149/3;2.22;8;1;livade;301957
Karlovac;Krnjak;Debela kosa Markovac;26b;Buriæ selo;292;21.75;9;1;NA;313033
Karlovac;Krnjak;Debela kosa Markovac;26b;Buriæ selo;d.323;21.75;9;1;NA;313033
Karlovac;Krnjak;Debela kosa Markovac;26b;Buriæ selo;d.340;21.75;9;1;NA;313033
Karlovac;Krnjak;Debela kosa Markovac;26c;Buriæ selo;279;12.9;9;1;NA;313033
Karlovac;Krnjak;Debela kosa Markovac;26c;Buriæ selo;d.280/1;12.9;9;1;NA;313033
Karlovac;Krnjak;Debela kosa Markovac;26c;Buriæ selo;d.280/2;12.9;9;1;NA;313033
Karlovac;Krnjak;Debela kosa Markovac;26c;Buriæ selo;d.296;12.9;9;1;NA;313033
Karlovac;Krnjak;Debela kosa Markovac;26e;Buriæ selo;d.18;9.9;9;1;NA;313033
Karlovac;Krnjak;Debela kosa Markovac;26e;Buriæ selo;d.329;9.9;9;1;NA;313033
Karlovac;Krnjak;Debela kosa Markovac;26e;Buriæ selo;d.406;9.9;9;1;NA;313033
Karlovac;Krnjak;Debela kosa Markovac;26f;Buriæ selo;280/5;2.11;9;1;NA;313033
Karlovac;Krnjak;Skradska gora;3g;Krnjak;d.2723;8.86;9;1;NA;313190
Karlovac;Krnjak;Skradska gora;13b;Krnjak;2125/1;25.49;9;1;NA;313190
Karlovac;Krnjak;Skradska gora;13b;Krnjak;2125/4;25.49;9;1;NA;313190
Karlovac;Krnjak;Skradska gora;4e;Gornji Skrad;d.592;0.62;9;1;NA;313157
Karlovac;Krnjak;Skradska gora;30c;Gornji Skrad;d.312;2.81;9;1;NA;313157
Karlovac;Krnjak;Skradska gora;30c;Gornji Skrad;d.590;2.81;9;1;NA;313157
Karlovac;Krnjak;Skradska gora;31c;Gornji Skrad;d.592;1.79;9;1;NA;313157
Karlovac;Krnjak;Skradska gora;12e;Donji budaèki;706;1.37;9;1;NA;313076
Karlovac;Krnjak;Skradska gora;12f;Donji budaèki;710/2;0.18;9;1;NA;313076
Karlovac;Karlovac;Veliko brdo;20c;Popoviæ brdo;d.443/20;19.27;9;1;Popoviæ Brdo Trebinja;313246
Karlovac;Karlovac;Veliko brdo;20c;Popoviæ brdo;540;19.27;9;1;Popoviæ Brdo Trebinja;313246
Karlovac;Karlovac;Veliko brdo;20c;Popoviæ brdo;1812;19.27;9;1;Popoviæ Brdo Trebinja;313246
Karlovac;Karlovac;Veliko brdo;20c;Popoviæ brdo;1813;19.27;9;1;Popoviæ Brdo Trebinja;313246
Karlovac;Karlovac;Veliko brdo;20c;Popoviæ brdo;1814/3;19.27;9;1;Popoviæ Brdo Trebinja;313246
Požega;Kutjevo;J. Krndija Kutjevaèka;34g;Lukaè;d.373/1;4.65;9;1;NA;327492
Požega;Kutjevo;J. Krndija Kutjevaèka;35h;Lukaè;d.373/1;6.52;9;1;NA;327492
Požega;Velika;Poljanaèke Šume;28e;Bratuljevci;d.776/1;4.38;9;1;NA;327018
Požega;Velika;Poljanaèke Šume;28e;Bratuljevci;776/3;4.38;9;1;NA;327018
Požega;Požega;Sj. Babja gora;70e;Æosine laze;d.268;1.94;9;1;NA;327484
Požega;Požega;Poljadijske šume;43e;Trapari;269;10.28;9;1;NA;327905
Požega;Požega;Poljadijske šume;43e;Trapari;d.270/1;10.28;9;1;NA;327905
Požega;Pleternica;Sj. Dilj pleternièki;25m;Buk;1517;0.57;9;1;NA;327069
Požega;Pleternica;Požeška gora;12c;Komorica;d.339;10.65;9;1;NA;327387
Požega;Pleternica;Požeška gora;12c;Komorica;395;10.65;9;1;NA;327387
Požega;Pleternica;Požeška gora;12c;Komorica;485;10.65;9;1;NA;327387
Požega;Pleternica;Požeška gora;12c;Komorica;493;10.65;9;1;NA;327387
Požega;Pleternica;Požeška gora;12c;Komorica;500;10.65;9;1;NA;327387
